Redump_Name,Hardware_Designation,Company_Code,Build_Date,Domestic_Game_Title,Overseas_Game_Title,Disc_Type,Product_Number,Version,I/O_Devices,Region
3 Ninjas Kick Back (USA),SEGA GENESIS,(C)T-93,1994.DEC,3 NINJAS KICK BACK,3 NINJAS KICK BACK,GM,T-93175,0,J         ,U               
A-Rank Thunder - Tanjou-hen (Japan),SEGA MEGA DRIVE,(C)T-49,1993.nnn,Ａランク　サンダー　誕生編,A-Rank Thunder,GM,T-49064,0,J         ,J               
A-X-101 (USA) (RE),SEGA GENESIS,(C)T-86,1994.SEP,AX-101,A/X-101,GM,T-86015,0,J         ,U               
"Adventures of Batman and Robin, The (Europe)",SEGA MEGADRIVE,(C)SEGA,1995.OCT,ADVENTURES OF BA,ADVENTURES OF BA,GM,MK-4432,50,J         ,E               
"Adventures of Batman and Robin, The (USA)",SEGA GENESIS,(C)SEGA,1995.JUL,ADVENTURES OF BA,ADVENTURES OF BA,GM,MK-4432,0,J         ,U               
"Adventures of Willy Beamish, The (USA)",SEGA GENESIS,(C)T-32,1992.DEC,WILLY BEAMISH,WILLY BEAMISH,GM,T-6300,1,J         ,U               
"Adventures of Willy Beamish, The (USA) (Alt)",SEGA GENESIS,(C)T-32,1992.DEC,WILLY BEAMISH,WILLY BEAMISH,GM,T-6300,1,J         ,U               
After Armageddon Gaiden - Majuu Toushouden Eclipse (Japan),SEGA MEGA DRIVE,(C)SEGA,1994.SEP,AFTER ARMAGEDDON,,GM,G-6026,0,J         ,J               
After Burner III (Europe),SEGA MEGA DRIVE,(C)T-68,1993.APR,AFTER BURNER III BY CRI,AFTER BURNER III BY CRI,GM,MK-4415,0,J6        ,E               
After Burner III (Japan),SEGA MEGA DRIVE,(C)T-68,1992.NOV,AFTER BURNER III BY CRI,AFTER BURNER III BY CRI,GM,T-68014,0,JA        ,J               
After Burner III (USA),SEGA CD,(C)T-68,1993.APR,AFTER BURNER III BY CRI,AFTER BURNER III BY CRI,GM,MK-4415,0,J6        ,U               
AH3 - Thunderstrike (USA),SEGA GENESIS,(C)T-60,1993.SEP,AH3-THUNDERSTRIKE,AH3-THUNDERSTRIKE,GM,T-60055,0,J         ,U               
Aisle Lord (Japan),SEGA MEGA DRIVE,(C)T-32,1992.MAR,アイル・ロード,AISLEÑLORD ,GM,T-32044,1,J         ,J               
Alshark (Japan),SEGA MEGA DRIVE,(C)T-92,1993.SEP,ALSHARK,ALSHARK,GM,T-92014,0,J         ,J               
"Amazing Spider-Man vs. The Kingpin, The (Europe)",SEGA MEGA DRIVE,(C)SEGA,1993.NOV,SPIDERMAN VS THE KINGPIN CD,SPIDERMAN VS THE KINGPIN CD,GM,MK-4412,0,J         ,E               
"Amazing Spider-Man vs. The Kingpin, The (USA)",SEGA GENESIS,(C)SEGA,1993.AUG,SPIDERMAN VS THE KINGPIN CD,SPIDERMAN VS THE KINGPIN CD,GM,MK-4412,0,J         ,U               
"Amazing Spider-Man vs. The Kingpin, The (USA) (Rev 1)",SEGA GENESIS,(C)SEGA,1993.NOV,SPIDERMAN VS THE KINGPIN CD,SPIDERMAN VS THE KINGPIN CD,GM,MK-4412,1,J         ,U               
Android Assault - The Revenge of Bari-Arm (USA),SEGA GENESIS,(C)T-163,1994AUG,BARI_ARM,BARI_ARM,GM,T-163015,0,J         ,U               
Annett Futatabi (Japan),SEGA MEGA DRIVE,(C)T-32,1993.FEB,ANNET,ANNET,GM,T-32104,0,J         ,J               
Aoki Ookami to Shiroki Mejika - Genchou Hishi (Japan),SEGA MEGA DRIVE,(C)T-76,1993.AUG,蒼き狼と白き牝鹿・元朝秘史,Ghenghis Khan 2,GM,T-76054,0,J         ,J               
"Arcus I, II, III (Japan)",SEGA MEGA DRIVE,(C)TELENET JAPAN/WOLF TEAM,1993.MAY,アークスⅠ・Ⅱ・Ⅲ,ARCUS1-2-3,GM,T-32094,0,J         ,J               
Arslan Senki (Japan),SEGA MEGA DRIVE,(C)SEGA,1993.AUG,THE_HEROIC_REGEND_OF_ARSLAN,,GM,G-6028,0,J         ,J               
AX-101 (Japan),SEGA MEGA DRIVE,(C)SEGA,1994.MAR,AX-101,AX-101,GM,G-6031,0,J         ,J               
Bakuden - The Unbalanced Zone (Japan),SEGA MEGA DRIVE,(C)T-SR,1994.APR,爆伝　～アンバランス・ゾーン～,,GM,T-145014,0,J         ,J               
Bari-Arm (Japan),SEGA MEGA DRIVE,(C)T-43,1993.AUG,BARI_ARM,BARI_ARM,GM,T-43024,0,J         ,J               
Batman Returns (Europe),SEGA MEGA DRIVE,(C)SEGA,1993.APR,BATMAN RETURNS,BATMAN RETURNS,GM,MK-4401,0,J         ,E               
Batman Returns (Europe) (Alt),SEGA MEGA DRIVE,(C)SEGA,1993.APR,BATMAN RETURNS,BATMAN RETURNS,GM,MK-4401,0,J         ,E               
Batman Returns (USA),SEGA GENESIS,(C)SEGA,1993.APR,BATMAN RETURNS,BATMAN RETURNS,GM,MK-4401,0,J         ,U               
Batman Returns (USA) (Alt),SEGA GENESIS,(C)SEGA,1993.APR,BATMAN RETURNS,BATMAN RETURNS,GM,MK-4401,0,J         ,U               
Battle Fantasy (Japan) (Rev A),SEGA MEGA DRIVE,(C)T-22,1994.JAN,BATTLE FANTASY,BATTLE FANTASY,GM,T-22044,0,J         ,J               
Battle Frenzy (USA) (Unl),SEGA GENESIS,(C)T-88,1995.MAR,BATTLE FRENZY (C) 1994 DOMARK,BATTLE FRENZY (C) 1994 DOMARK,GM,T-88035,0,J6        ,UE              
Battlecorps (Europe) (Demo),SEGA MEGA DRIVE,(C)T-60,1993.SEP,ANON,ANON,GM,T-0002-0,,J         ,E               
"Battlecorps (Europe) (En,Fr,De,Es)",SEGA MEGA DRIVE,(C)T-60,1993.SEP,JAGUAR XJ220,JAGUAR XJ220,GM,MK-4602,0,J6        ,E               
Battlecorps (Japan),SEGA MEGA DRIVE,(C)T-60,1994.SEP,BATTLECORPS,BATTLECORPS,GM,T-60194-,0,J6        ,J               
Battlecorps (USA),SEGA GENESIS,(C)T-115,1994.SEP,BATTLECORPS,BATTLECORPS,GM,T-115045,,J6        ,U               
BC Racers (Europe) (Demo) (Green Disc),SEGA MEGA DRIVE,(C)T-115,1994.NOV,BCRACERS,BCRACERS,GM,T-115085,,J6        ,E               
BC Racers (Europe) (Demo) (Yellow Disc),SEGA MEGA DRIVE,(C)T-115,1994.NOV,BCRACERS,BCRACERS,GM,T-115075,0,J6        ,E               
"BC Racers (Europe) (En,Fr,De)",SEGA MEGA DRIVE,(C)T-115,1994.NOV,BCRACERS,BCRACERS,GM,T-115075,0,J6        ,E               
BC Racers (USA),SEGA GENESIS,(C)T-115,1994.NOV,BCRACERS,BCRACERS,GM,T-115075,0,J6        ,U               
Beast II (Europe),SEGA MEGA DRIVE,(C)T-113,1994.JUL,SHADOW OF THE BEAST TWO,SHADOW OF THE BEAST TWO,GM,T-113045,0,J         ,E               
Beast II (Europe) (Demo),SEGA MEGA DRIVE,(C)T-113,1994.MAY,SHADOW OF THE BEAST TWO,SHADOW OF THE BEAST TWO,GM,T-113045,1,J         ,E               
Bill Walsh College Football (Europe),SEGA MEGA DRIVE,(C)T-50,1993.OCT,BILL WALSH COLLEGE FOOTBALL,BILL WALSH COLLEGE FOOTBALL,GM,T-50025,0,J         ,E               
Bill Walsh College Football (USA),SEGA GENESIS,(C)T-50,1993.OCT,BILL WALSH COLLEGE FOOTBALL,BILL WALSH COLLEGE FOOTBALL,GM,T-50025,0,J         ,U               
Black Hole Assault (Japan),SEGA MEGA DRIVE,(C)T-22,1992.SEP,BLACKHOLE ASSAULT,BLACKHOLE ASSAULT,GM,T-22024-,0,J         ,J               
Blackhole Assault (Europe),SEGA MEGA DRIVE,(C)T-22,1992.OCT,BLACKHOLE ASSAULT,BLACKHOLE ASSAULT,GM,T-6400,,J         ,U               
Blackhole Assault (USA),SEGA MEGA DRIVE,(C)T-22,1992.OCT,BLACKHOLE ASSAULT,BLACKHOLE ASSAULT,GM,T-6400,,J         ,U               
Blackhole Assault (USA) (Alt),SEGA MEGA DRIVE,(C)T-22,1992.OCT,BLACKHOLE ASSAULT,BLACKHOLE ASSAULT,GM,T-6401,,J         ,U               
"Bloodshot (Europe) (En,Fr,De,Es)",SEGA MEGADRIVE,(C)T-88,1995.MAR,BLOODSHOT (C) 1994 DOMARK SOFT,BLOODSHOT (C) 1994 DOMARK SOFT,GM,T-88045,50,J6        ,UE              
Bouncers (USA),SEGA GENESIS,(C)T-110,1994.OCT,BOUNCERS,BOUNCERS,GM,MK-4908-,0,J4        ,U               
Bram Stoker's Dracula (USA),SEGA MEGA DRIVE,(C)SEGA,1992.FEB,BRAM STOKERS DRACULA,BRAM STOKERS DRACULA,GM,T-60064,0,J         ,JUE             
Bram Stoker's Dracula (USA) (Alt 1),SEGA MEGA DRIVE,(C)SEGA,1992.FEB,BRAM STOKERS DRACULA,BRAM STOKERS DRACULA,GM,T-60064,0,J         ,JUE             
Bram Stoker's Dracula (USA) (Alt 2),SEGA MEGA DRIVE,(C)SEGA,1992.FEB,BRAM STOKERS DRACULA,BRAM STOKERS DRACULA,GM,T-60064,0,J         ,JUE             
Bram Stoker's Dracula (USA) (Version 2.0),SEGA GENESIS,T-93,1994.APR,BRAM STOKERS DRACULA,BRAM STOKERS DRACULA,GM,T-93065,0,J         ,U               
"Brutal - Paws of Fury (Europe) (En,Fr,De)",SEGA MEGADRIVE,(C)T-83,1994.OCT,BRUTAL PAWS OF FURY,BRUTAL PAWS OF FURY,GM,T-83015,50,6,E               
Brutal - Paws of Fury (USA),SEGA GENESIS,(C)T-83,1994.JUL,BRUTAL PAWS OF FURY,BRUTAL PAWS OF FURY,GM,T-83015,0,J         ,U               
Bug Blasters - The Exterminators (USA) (Unl) (Rerelease),SEGA GENESIS,(C)SEGA,1994.DEC,EXTERMINATORS,EXTERMINATORS,GM,MK-4439,0,J         ,U               
Burai - Yatsudama no Yuushi Densetsu (Japan),SEGA MEGA DRIVE,(C)SEGA,1992.JUL,BURAI MEGA-CD  BY SEGA,BURAI MEGA-CD  BY SEGA,GM,G-6004-0,,J         ,J               
Burning Fists - Force Striker (USA) (Unl),SEGA MEGA DRIVE,(C)SEGA,1993.OCT,BURNING  FISTS,Burning  Fists,GM,T-60064,0,J         ,J               
"Cadillacs and Dinosaurs - The Second Cataclysm (USA, Brazil) (RE)",SEGA GENESIS,(C)T-153,94.NOV,CADILLACS & DINOSAURS - THE SE,CADILLACS & DINOSAURS - THE SE,GM,T-153035,0,J         ,U               
Captain Tsubasa (Japan),SEGA MEGA DRIVE,(C)T-36,1994.SEP,SEGA MEGA CD   キャプテン翼,CAPTAIN TSUBASA,GM,T-36014,0,J         ,J               
CD Sonic the Hedgehog (Japan) (Beta) (1992-12-04),SEGA MEGA DRIVE,(C)SEGA,1993.APR,CD-SONIC THE HEDGEHOG,CD-SONIC THE HEDGEHOG,XX,0,0,J         ,J               
CD Sonic the Hedgehog (Japan) (Beta) (1993-05-13),SEGA MEGA DRIVE,(C)SEGA,1993.APR,CD-SONIC THE HEDGEHOG,CD-SONIC THE HEDGEHOG,XX,0,0,J         ,J               
CD Sonic the Hedgehog (Japan) (Beta) (1993-06-21),SEGA MEGA DRIVE,(C)SEGA,1993.APR,CD-SONIC THE HEDGEHOG,CD-SONIC THE HEDGEHOG,XX,0,0,J         ,J               
"Championship Soccer '94 (USA) (En,Fr,De,It)",SEGA GENESIS,(C)T-93,1994.JUL,CHAMPIONSHIP SOCCER 94,SENSIBLE SOCCER INTERNATIONAL,GM,T-93185,0,J         ,U               
Chuck Rock (Europe),SEGA MEGA DRIVE,(C)T-98,1993.APR,CHUCK ROCK,CHUCK ROCK,GM,T-93045,0,J         ,E               
Chuck Rock (USA),SEGA GENESIS,(C)T-98,1992.DEC,CHUCK ROCK,CHUCK ROCK,GM,T-06204,56,J         ,U               
Chuck Rock II - Son of Chuck (Europe),SEGA MEGA DRIVE,(C)T-60,1993.SEP,CHUCKROCK2,CHUCKROCK2,GM,T-115025,0,J         ,E               
Chuck Rock II - Son of Chuck (USA),SEGA GENESIS,(C)T-07,1993.JAN,CHUCK_ROCK_2,CHUCK_ROCK_2,GM,T-70045,0,J         ,U               
Cliffhanger (USA),SEGA GENESIS,(C)T-93,1993.NOV,CLIFFHANGER,CLIFFHANGER,GM,T-93075,1,J         ,U               
Cobra Command (Europe),SEGA MEGA DRIVE,(C)T-32,1992.OCT,THUNDER STORM,COBRA COMMAND,GM,MK-4402,0,J         ,E               
Cobra Command (USA),SEGA MEGA DRIVE,(C)T-32,1992.OCT,THUNDER STORM,COBRA COMMAND,GM,MK-4402,,J         ,U               
"Colors of Modern Rock, The (USA)",SEGA GENESIS,(C)SEGA,1993.MAR,VIRTUAL VCR -- THE COLORS OF M,VIRTUAL VCR -- THE COLORS OF M,GM,WCM-9302,0,J         ,U               
Compton's Interactive Encyclopedia (USA) (Version 2.00S),SEGA GENESIS,(C)SEGA,1993.MAY,SEGA CD SAMPLE APP. WRITTEN BY,SEGA CD SAMPLE APP. WRITTEN BY,GM,MK-xxxx,0,J         ,U               
Compton's Interactive Encyclopedia (USA) (Version 2.01R),SEGA GENESIS,(C)T-118,1994.OCT,COMPTONS INTERACTIVE ENCYCLOPE,COMPTONS INTERACTIVE ENCYCLOPE,GM,T-118025,0,J         ,U               
Compton's Interactive Encyclopedia (USA) (Version 2.01S),SEGA GENESIS,(C)T-188,1994.MAY,COMPTONS INTERACTIVE ENCYCLOPE,COMPTONS INTERACTIVE ENCYCLOPE,GM,T-118015,0,J         ,U               
Compton's Interactive Encyclopedia (USA) (Version 2.10) (RE2),SEGA GENESIS,(C)T-188,1994.SEP,COMPTONS INTERACTIVE ENCYCLOPE,COMPTONS INTERACTIVE ENCYCLOPE,GM,T-118015,1,J         ,U               
Corpse Killer (Europe),SEGA MEGA DRIVE,(C)T-162,1995.FEB,CORPSE KILLER,CORPSE KILLER,GM,T-162055,50,JG        ,8
Corpse Killer (Europe) (Mega-CD 32X),SEGA 32X,(C)SEGA,1995.FEB,CORPSE KILLER 32X,CORPSE KILLER 32X,GM,T-16201F,50,JG        ,8
Corpse Killer (USA),SEGA GENESIS,(C)T-162,1994.NOV,CORPSE KILLER,CORPSE KILLER,GM,T-162055,0,JG        ,U               
Corpse Killer (USA) (Sega CD 32X),SEGA 32X,(C)T-162,1994.DEC,CORPSE KILLER 32X,CORPSE KILLER 32X,GM,T-16201F,0,JG        ,U               
Cosmic Fantasy Stories (Japan),SEGA MEGA DRIVE,(C)T-49,1992.FEB,COSMIC FANTASY  STORIES,Cosmic Fantasy Stories,GM,T-49014,0,J         ,J               
Crime Patrol (USA),SEGA GENESIS,(C)T-111,1994.DEC,CRIME PATROL,CRIME PATROL,GM,T-111055,0,JMG       ,U               
Cyborg 009 (Japan),SEGA MEGA DRIVE,(C)T-49,1992.MAR,CYBORG 009,CYBORG 009,GM,T-49054,0,J         ,J               
Daihoushinden (Japan),SEGA MEGA DRIVE,(C)T-60,1994.DEC,DAIHOSINDEN,DAIHOSINDEN,GM,T-60024,0,J         ,J               
Dark Wizard (USA),SEGA GENESIS,(C)SEGA,1994.MAR,DARK WIZARD        9/3-1994,DARK WIZARD,GM,MK-4651,0,J         ,U               
Dark Wizard - Yomigaerishi Yami no Madoushi (Japan),SEGA MEGA DRIVE,(C)SEGA,1993.SEP,DARK WIZARD,DARK WIZARD,GM,G-6005,0,J         ,J               
Death Bringer (Japan),SEGA MEGA DRIVE,(C)T-49,1992.MAR,DEATH BRINGER,DEATH BRINGER,GM,T-49034,0,J         ,J               
Demolition Man (USA),SEGA GENESIS,(C)T-81,1995.JUL,DEMOLITION MAN,DEMOLITION MAN,GM,T-81045,0,J         ,U               
Dennin Aleste - Nobunaga and His Ninja Force (Japan),SEGA MEGA DRIVE,(C)T-66,1992.NOV,電忍アレスタ,,GM,T-66014,0,J         ,J               
Detonator Orgun (Japan),SEGA MEGA DRIVE,(C)SEGA,1992.JUN,デトネイター・オーガン,DETONATOR ORGUN,GM,T-28014,0,J         ,J               
Devastator (Japan),SEGA MEGA DRIVE,(C)T-32,1993.APR,DEVASTATOR,DEVASTATOR,GM,T-32074,0,J         ,J               
Double Switch (Europe),SEGA MEGA DRIVE,(C)SEGA,1993.DEC,DOUBLE SWITCH,DOUBLE SWITCH,GM,MK-4419,0,J         ,E               
Double Switch (Japan),SEGA MEGA DRIVE,(C)SEGA,1994.DEC,DOUBLE SWITCH,DOUBLE SWITCH,GM,G-6040,0,J         ,J               
Double Switch (USA),SEGA GENESIS,(C)SEGA,1993.NOV,DOUBLE SWITCH,DOUBLE SWITCH,GM,MK-4419,0,J         ,U               
Dracula Unleashed (Europe) (Disc 1) (Made in E.U.),SEGA GENESIS,(C)SEGA,1994.APR,DRACULA UNLEASHED,DRACULA UNLEASHED,GM,MK-4420,0,J         ,E               
Dracula Unleashed (Europe) (Disc 1) (Made in Japan),SEGA GENESIS,(C)SEGA,1994.APR,DRACULA UNLEASHED,DRACULA UNLEASHED,GM,MK-4420,0,J         ,E               
Dracula Unleashed (Europe) (Disc 2) (Made in E.U.),SEGA GENESIS,(C)SEGA,1994.APR,DRACULA UNLEASHED,DRACULA UNLEASHED,GM,MK-4420,0,J         ,E               
Dracula Unleashed (Europe) (Disc 2) (Made in Japan),SEGA GENESIS,(C)SEGA,1994.APR,DRACULA UNLEASHED,DRACULA UNLEASHED,GM,MK-4420,0,J         ,E               
Dracula Unleashed (USA) (Disc 1),SEGA GENESIS,(C)SEGA,1993 NOV,DRACULA UNLEASHED,DRACULA UNLEASHED,GM,MK-4420,0,J         ,U               
Dracula Unleashed (USA) (Disc 2),SEGA GENESIS,(C)SEGA,1993 NOV,DRACULA UNLEASHED,DRACULA UNLEASHED,GM,MK-4420,0,J         ,U               
"Dragon's Lair (Europe) (En,Fr,De,It)",SEGA MEGADRIVE,(C)T-121,,DRAGONS LAIR,DRAGONS LAIR,GM,MK-4436,0,J         ,E               
"Dragon's Lair (Japan) (En,Ja,Fr,De,It)",SEGA MEGADRIVE,(C)T-121,,DRAGONS LAIR,DRAGONS LAIR,GM,G-6035,0,J         ,J               
Dragon's Lair (USA),SEGA GENESIS,(C)T-121,,DRAGONS LAIR,DRAGONS LAIR,GM,T-121015,0,J         ,U               
"Dune (Europe) (En,Fr,De,Es,It)",SEGA MEGA DRIVE,(C)VRGN,1994.APR,DUNE,DUNE,GM,T-70065,0,J         ,E               
"Dune (USA) (En,Fr,De,Es,It)",SEGA GENESIS,(C)T-70,1994.SEP,DUNE THE GAME,DUNE THE GAME,GM,T-70065,0,J         ,U               
Dungeon Explorer (Europe),SEGA MEGA DRIVE,(C)T-14,1995.MAR,Dungeon Explorer,Dungeon Explorer for Europe,GM,T-143025,50,J4        ,E               
Dungeon Explorer (USA),SEGA GENESIS,(C)SEGA,1995.MAR,Dungeon Explorer,Dungeon Explorer for USA,GM,MK-4657,,J4        ,U               
Dungeon Master II - Skullkeep (Europe),SEGA GENESIS,(C)T-60,1994 DEC,DUNGEON MASTER II:SKULLKEEP,DUNGEON MASTER II:SKULLKEEP,GM,T-60095,0,J6M       ,E               
Dungeon Master II - Skullkeep (Japan),SEGA MEGA DRIVE,(C)T-60,1994.MAR,SKULLKEEP,SKULLKEEP,GM,T-60144,0,JM        ,J               
Dungeon Master II - Skullkeep (USA) (RE3),SEGA GENESIS,(C)T-60,1994 SEP,DUNGEON MASTER II:SKULLKEEP,DUNGEON MASTER II:SKULLKEEP,GM,T-60085-,0,J6M       ,U               
Dynamic Country Club (Japan),SEGA MEGA DRIVE,(C)SEGA,1993.JUL,DYNAMIC COUNTRY CLUB,,GM,G-6017,0,J4        ,J               
Earnest Evans (Japan),SEGA MEGA DRIVE,(C)T-32,1991.DEC,アーネスト・エバンス,EARNEST EVANS,GM,T-32014,1,J         ,J               
Earthworm Jim - Special Edition (Europe),SEGA GENESIS,(C)T-125,1995.APR,"EARTHWORM JIM, SHINY ENTERTAIN","EARTHWORM JIM, SHINY ENTERTAIN",GM,T-125045,50,J         ,E               
Earthworm Jim - Special Edition (USA) (RE),SEGA GENESIS,(C)T-125,1995.JAN,"EARTHWORM JIM, SHINY ENTERTAIN","EARTHWORM JIM, SHINY ENTERTAIN",GM,T-125045,0,J         ,U               
"Ecco - The Tides of Time (Europe) (En,Fr,De,Es)",SEGA MEGA DRIVE,(C)SEGA,1995.JAN,ECCO THE TIDES OF TIME,ECCO THE TIDES OF TIME,GM,MK-4441,0,J         ,E               
Ecco - The Tides of Time (USA),SEGA GENESIS,(C)SEGA,1994.OCT,ECCO THE TIDES OF TIME,ECCO THE TIDES OF TIME,GM,MK-4441,0,J         ,U               
Ecco - The Tides of Time (USA) (Alt),SEGA GENESIS,(C)SEGA,1994.OCT,ECCO THE TIDES OF TIME,ECCO THE TIDES OF TIME,GM,MK-4441,0,J         ,U               
Ecco the Dolphin (Australia),SEGA MEGA DRIVE,(C)SEGA,1993.SEP,ECCO THE DOLPHIN,ECCO THE DOLPHIN,GM,MK-4408,0,J         ,E               
Ecco the Dolphin (Europe),SEGA MEGA DRIVE,(C)SEGA,1993.SEP,ECCO THE DOLPHIN,ECCO THE DOLPHIN,GM,MK-4408,0,J         ,E               
Ecco the Dolphin (Europe) (Rerelease),SEGA MEGA DRIVE,(C)SEGA,1993.SEP,ECCO THE DOLPHIN,ECCO THE DOLPHIN,GM,MK-4408,0,J         ,E               
Ecco the Dolphin (USA),SEGA GENESIS,(C)SEGA,1993.JUN,ECCO THE DOLPHIN,ECCO THE DOLPHIN,GM,MK-4408,0,J         ,U               
Ecco the Dolphin CD (Japan) (Disc 1) (Ecco the Dolphin),SEGA MEGA DRIVE,(C)SEGA,1994.DEC,ECCO THE DOLPHIN,ECCO THE DOLPHIN,GM,G-6041,,J         ,J               
Ecco the Dolphin CD (Japan) (Disc 2) (Ecco the Dolphin II),SEGA MEGA DRIVE,(C)SEGA,1994.DEC,ECCO THE TIDES OF TIME,ECCO THE TIDES OF TIME,GM,G-6041,,J         ,J               
Egawa Suguru no Super League CD (Japan),SEGA MEGA DRIVE,(C)SEGA,1993.JUL,江川卓のスーパー・リーグＣＤ,,GM,G-6019,0,JC4       ,J               
ESPN Baseball Tonight (Europe),SEGA MEGA DRIVE,(C)T-93,1994.AUG,ESPN BASEBALL TONIGHT,ESPN BASEBALL TONIGHT,GM,T-93115,0,J         ,E               
ESPN Baseball Tonight (USA),SEGA GENESIS,(C)T-93,1994.AUG,ESPN BASEBALL TONIGHT,ESPN BASEBALL TONIGHT,GM,T-93115,0,J         ,U               
ESPN National Hockey Night (USA),SEGA GENESIS,(C)T-93,1994.OCT,ESPN NATIONAL HOCKEY NIGHT,ESPN NATIONAL HOCKEY NIGHT,GM,T-93215,0,J4        ,U               
ESPN NBA Hangtime '95 (USA),SEGA GENESIS,(C)T-93,1995.JAN,ESPN NBA HANGTIME 95,ESPN NBA HANGTIME 95,GM,T-93245,0,J4        ,U               
ESPN Sunday Night NFL (USA),SEGA GENESIS,(C)T-93,1994.NOV,ESPN SUNDAY NIGHT FOOTBALL,ESPN SUNDAY NIGHT FOOTBALL,GM,T-093105,0,J         ,U               
Eternal Champions - Challenge from the Dark Side (Europe),SEGA MEGA DRIVE,(C)SEGA,1995.JUN,ETERNAL CHAMPIONS CD,ETERNAL CHAMPIONS CD,GM,MK-4427,0,J6        ,E               
Eternal Champions - Challenge from the Dark Side (Europe) (Beta) (1995-06-09),SEGA MEGA DRIVE,(C)SEGA,1995.JUN,ETERNAL CHAMPIONS CD,ETERNAL CHAMPIONS CD,GM,MK-4427,0,J6        ,E               
Eternal Champions - Challenge from the Dark Side (USA),SEGA GENESIS,(C)SEGA,1995.MAY,ETERNAL CHAMPIONS CD,ETERNAL CHAMPIONS CD,GM,MK-4427,0,J6        ,U               
Eternal Champions - Challenge from the Dark Side (USA) (Beta) (1995-05-11),SEGA GENESIS,(C)SEGA,1995.MAY,ETERNAL CHAMPIONS CD,ETERNAL CHAMPIONS CD,GM,MK-4427,0,J6        ,U               
Eternal Champions - Challenge from the Dark Side (USA) (RE),SEGA GENESIS,(C)SEGA,1995.MAY,ETERNAL CHAMPIONS CD,ETERNAL CHAMPIONS CD,GM,MK-4427,1,J6        ,U               
Eye of the Beholder (Europe),SEGA MEGA DRIVE,(C)SEGA,1994.SEP,Eye of the Beholder,Eye of the Beholder,GM,MK-4656,0,JM        ,E               
Eye of the Beholder (Japan),SEGA MEGA DRIVE,(C)T-75,1993.NOV,Eye of the Beholder,Eye of the Beholder,GM,T-75014,0,JM        ,J               
Eye of the Beholder (USA),SEGA GENESIS,(C)T-75,1994.JUN,Eye of the Beholder,Eye of the Beholder,GM,T-75014,0,JM        ,U               
F1 Circus CD (Japan),SEGA MEGA DRIVE,(C)T-71,1993.DEC,F1-CIRCUS CD,F1-CIRCUS CD,GM,T-71014,0,J         ,J               
Fahrenheit (Europe),SEGA MEGA DRIVE,(C)SEGA,1995.MAR,FAHRENHEIT,FAHRENHEIT,GM,MK-4438,0,J         ,E               
Fahrenheit (France),SEGA MEGA DRIVE,(C)SEGA,1995.MAR,FAHRENHEIT,FAHRENHEIT,GM,MK-4438,9,J         ,E               
Fahrenheit (Japan),SEGA MEGA DRIVE,(C)SEGA,1995.MAR,FAHRENHEIT,FAHRENHEIT,,G-6043,,J         ,J               
Fahrenheit (USA) (Disc 1) (Key Disc) (Sega CD),SEGA GENESIS,(C)SEGA,1995.FEB,FAHRENHEIT,FAHRENHEIT,GM,MK-4438,0,J         ,U               
Fahrenheit (USA) (Disc 2) (32X CD),SEGA GENESIS,(C)SEGA,1995.MAR,FAHRENHEIT,FAHRENHEIT,GM,MK-4438,0,J         ,U               
Fatal Fury Special (Europe),SEGA MEGA DRIVE,(C)T-60,1995.MAR,Fatal Fury Special,Fatal Fury Special,GM,T-60165,50,J6        ,E               
Fatal Fury Special (Europe) (Beta) (1995-02-23),SEGA MEGA DRIVE,(C)T-60,1995.MAR,Fatal Fury Special,Fatal Fury Special,GM,T-60165,50,J6        ,E               
Fatal Fury Special (Europe) (Demo),SEGA MEGA DRIVE,(C)T-60,1995.MAR,Fatal Fury Special,Fatal Fury Special,GM,T-60165,50,J6        ,E               
Fatal Fury Special (USA),SEGA GENESIS,(C)T-60,1995.MAR,Fatal Fury Special,Fatal Fury Special,GM,T-60165,0,J6        ,U               
"FIFA International Soccer (USA) (En,Fr,De,Es)",SEGA GENESIS,(C)T-50,1994 FEB,FIFA INTERNATIONAL SOCCER,FIFA INTERNATIONAL SOCCER,GM,T-50055,0,J         ,U               
FIFA International Soccer - Championship Edition (Europe) (Demo),SEGA GENESIS,(C)T-50,1994 JUN,FIFA INTERNATIONAL SOCCER DEMO,FIFA INTERNATIONAL SOCCER DEMO,GM,T-50055,0,J         ,E               
FIFA International Soccer - Championship Edition (Europe) (Demo) (Alt),SEGA GENESIS,(C)T-50,1994 JUN,FIFA INTERNATIONAL SOCCER DEMO,FIFA INTERNATIONAL SOCCER DEMO,GM,T-50055,0,J         ,E               
"FIFA International Soccer - Championship Edition (Europe) (En,Fr,De,Es)",SEGA GENESIS,(C)T-50,1994 FEB,FIFA INTERNATIONAL SOCCER,FIFA INTERNATIONAL SOCCER,GM,T-50055,0,J         ,E               
Final Fight CD (Europe),SEGA MEGA DRIVE,(C)SEGA,1993.JUN,FINAL FIGHT CD,FINAL FIGHT CD,GM,MK-4410,0,J         ,E               
Final Fight CD (Japan),SEGA MEGA DRIVE,(C)SEGA,1993.MAR,FINAL FIGHT CD,FINAL FIGHT CD,GM,G-6013,0,J         ,J               
Final Fight CD (Japan) (Rev A),SEGA MEGA DRIVE,(C)SEGA,1993.MAR,FINAL FIGHT CD,FINAL FIGHT CD,GM,G-6013,1,J         ,J               
Final Fight CD (USA),SEGA GENESIS,(C)SEGA,1993.MAY,FINAL FIGHT CD,FINAL FIGHT CD,GM,MK-4410,0,J         ,U               
Final Fight CD (USA) (Alt 1),SEGA GENESIS,(C)SEGA,1993.MAY,FINAL FIGHT CD,FINAL FIGHT CD,GM,MK-4410,0,J         ,U               
Final Fight CD (USA) (Alt 2),SEGA GENESIS,(C)SEGA,1993.MAY,FINAL FIGHT CD,FINAL FIGHT CD,GM,MK-4410,0,J         ,U               
Flashback (Europe) (Demo),SEGA MEGA DRIVE,(C)T-79,1994.JUL,FLASHBACK,FLASHBACK,GM,T-79035,0,J         ,E               
Flashback - The Quest for Identity (USA),SEGA GENESIS,(C)T-79,1994.JUL,FLASHBACK,FLASHBACK,GM,T-79035,0,J         ,U               
"Flink (Europe) (En,Fr,De,Es,Nl)",SEGA MEGA DRIVE,(C)T-113,1994.AUG,THE (MIS)ADVENTURES OF FLINK,THE (MIS)ADVENTURES OF FLINK,GM,T-113055,50,J         ,E               
"Flink (USA) (En,Fr,De,Es,Nl)",SEGA GENESIS,(C)T-23,1994.DEC,THE (MIS)ADVENTURES OF FLINK,THE (MIS)ADVENTURES OF FLINK,GM,T-23055,0,J         ,U               
Formula One World Championship - Beyond the Limit (Europe),SEGA MEGA DRIVE,(C)SEGA,1994.JUL,FORMULA ONE WORLD CHAMPIONSHIP,FORMULA ONE WORLD CHAMPIONSHIP,GM,MK-4608,0,J6        ,E               
Formula One World Championship - Beyond the Limit (USA),SEGA GENESIS,(C)SEGA,1994.JUN,FORMULA ONE WORLD CHAMPIONSHIP,FORMULA ONE WORLD CHAMPIONSHIP,GM,MK-4608,0,J6        ,U               
Fresh Cleaner (Japan),SEGA MEGA DRIVE,,,,,,,,J         ,                
Game no Kandume Vol. 1 (Japan),SEGA MEGA DRIVE,(C)SEGA,1994.FEB,ゲームのかんづめ　ＶＯＬ.１,GAME CAN Vol.1,GM,G-6032,0,J         ,J               
Game no Kandume Vol. 2 (Japan),SEGA MEGA DRIVE,(C)SEGA,1994.FEB,ゲームのかんづめ　ＶＯＬ.２,GAME CAN Vol.2,GM,G-6033,0,J         ,J               
Garou Densetsu Special (Japan),SEGA MEGA DRIVE,(C)T-60,1995.MAR,Garoudensetsu Special,Garoudensetsu Special,GM,T-60214,0,J6        ,U               
Gen'ei Toshi - Illusion City (Japan),SEGA MEGA DRIVE,(C)T-51,1993.MAY,ILLUSION CITY,,GM,T-51014,1,JC        ,J               
Ground Zero Texas (Europe) (Disc 1),SEGA MEGA DRIVE,(C)SEGA,1993.NOV,GROUND ZERO TEXAS,GROUND ZERO TEXAS,GM,T-93145,0,J         ,E               
Ground Zero Texas (Europe) (Disc 2),SEGA MEGA DRIVE,(C)SEGA,1993.NOV,GROUND ZERO TEXAS,GROUND ZERO TEXAS,GM,T-93145,0,J         ,E               
Ground Zero Texas (USA) (Disc 1),SEGA GENESIS,(C)SEGA,1993.NOV,GROUND ZERO TEXAS,GROUND ZERO TEXAS,GM,T-93145,0,J         ,U               
Ground Zero Texas (USA) (Disc 2),SEGA GENESIS,(C)SEGA,1993.NOV,GROUND ZERO TEXAS,GROUND ZERO TEXAS,GM,T-93145,0,J         ,U               
Ground Zero Texas (USA) (Disc 2) (Alt),SEGA GENESIS,(C)SEGA,1993.NOV,GROUND ZERO TEXAS,GROUND ZERO TEXAS,GM,T-93145,0,J         ,U               
Gyuwambler Jiko Chuushinha 2 - Gekitou! Tokyo Mahjongland-hen (Japan),SEGA MEGA DRIVE,(C)T-45,1992.DEC,ぎゅわんぶらあ自己中心派２　～激闘！東京マージャンランド編～,,GM,T-45044,0,JC        ,J               
Heart of the Alien - Out of This World Parts I and II (USA) (RE),SEGA GENESIS,(C)T-70,1994.AUG,HEART OF THE ALIEN,HEART OF THE ALIEN,GM,T-70025,0,J         ,U               
Heavenly Symphony - Formula One World Championship 1993 (Japan),SEGA MEGA DRIVE,(C)SEGA,1994.MAR,FOMULA ONE WORLDCHAMPIONSHIP 1,,GM,G-6034,0,J         ,J               
Heavenly Symphony - Formula One World Championship 1993 (Japan) (Demo),SEGA MEGA DRIVE,(C)SEGA,1994.MAR,FOMULA ONE WORLDCHAMPIONSHIP 1,,GM,G-6034,0,J         ,J               
Heavy Nova (Japan),SEGA MEGA DRIVE,(C)T-22,1991.DEC,HEAVY NOVA CD,HEAVY NOVA CD,GM,T-22014,0,J         ,J               
Heimdall (Japan),SEGA MEGA DRIVE,(C)T-60,1994.JAN,HEIMDALL,HEIMDALL,GM,T-60054,0,J         ,J               
Heimdall (USA),SEGA GENESIS,(C)T-60,1994.MAY,HEIMDALL,HEIMDALL,GM,T-60145,0,J         ,U               
Hook (Europe),SEGA MEGA DRIVE,(C)T-98,1993.MAY,HOOK,HOOK,GM,T-93055,0,J         ,E               
Hook (USA),SEGA GENESIS,(C)T-98,1992.DEC,HOOK,HOOK,GM,T-06205,56,J         ,U               
Hook (USA) (Alt),SEGA GENESIS,(C)T-98,1992.DEC,HOOK,HOOK,GM,T-06205,56,J         ,U               
"IIIrd World War, The (Japan)",SEGA MEGA DRIVE,(C)T-22,1993.OCT,THE 3RD WORLD WAR,THE 3RD WORLD WAR,GM,T-22034,0,J         ,J               
Iron Helix (USA),SEGA GENESIS,(C)T-124,1994.AUG,IRON HELIX,IRON HELIX,GM,T-124015,0,J6        ,U               
Ishii Hisaichi no Daiseikai (Japan),SEGA MEGA DRIVE,(C)SEGA,1993.SEP,DAISEIKAI,DAISEIKAI,GM,MK-6016,0,J         ,J               
"Jaguar XJ220 (Europe) (En,Ja)",SEGA MEGA DRIVE,(C)T-98,1993.JAN,JAGUAR XJ220,JAGUAR XJ220,GM,T-60094,0,J         ,E               
"Jaguar XJ220 (Japan) (En,Ja)",SEGA MEGA DRIVE,(C)T-98,1993.JAN,JAGUAR XJ220,JAGUAR XJ220,GM,T-60094,,J         ,J               
Jaguar XJ220 (USA),SEGA GENESIS,(C)T-07,1993.JAN,JAGUAR XJ220,JAGUAR XJ220,GM,T-6406,0,J         ,U               
Jangou World Cup (Japan),SEGA MEGA DRIVE,(C)T-60,1993.AUG,JONGO WORLD CUP,JONGO WORLD CUP,GM,T-60124,0,J         ,J               
Jeopardy! (USA),SEGA GENESIS,(C)T-93,1994.OCT,JEOPARDY!,JEOPARDY!,GM,T-93095,0,4,U               
Joe Montana's NFL Football (USA),SEGA GENESIS,(C)SEGA,1993.OCT,JOE MONTANA FOOTBALL,JOE MONTANA FOOTBALL,GM,MK-4201,0,J         ,U               
Jurassic Park (Europe),SEGA MEGA DRIVE,(C)SEGA,1994.MAR,JURASSIC PARK PAL,JURASSIC PARK PAL,GM,MK-4411,0,J         ,E               
Jurassic Park (Europe) (Rerelease),SEGA MEGA DRIVE,(C)SEGA,1994.MAR,JURASSIC PARK PAL,JURASSIC PARK PAL,GM,MK-4411,0,J         ,E               
Jurassic Park (France),SEGA MEGA DRIVE,(C)SEGA,1994.SEP,JURASSIC PARK FRENCH,JURASSIC PARK FRENCH,GM,MK-4411,0,J         ,E               
Jurassic Park (Germany),SEGA MEGA DRIVE,(C)SEGA,1994.SEP,JURASSIC PARK GERMAN,JURASSIC PARK GERMAN,GM,MK-4411,0,J         ,E               
Jurassic Park (Japan),SEGA MEGA DRIVE,(C)SEGA,1994.AUG,JURASSIC PARK JAPANESE,JURASSIC PARK JAPANESE,GM,G-6038,0,J         ,J               
Jurassic Park (Spain),SEGA MEGA DRIVE,(C)SEGA,1994.SEP,JURASSIC PARK SPANISH,JURASSIC PARK SPANISH,GM,MK-4411,0,J         ,E               
Jurassic Park (USA) (RE),SEGA GENESIS,(C)SEGA,1993.DEC,JURASSIC PARK,JURASSIC PARK,GM,MK-4411,0,J         ,U               
Kamen Rider ZO (Japan),SEGA MEGA DRIVE,(C)T-49,1994.JAN,KAMEN RIDER ZO,KAMEN RIDER ZO,GM,T-141014,0,J         ,J               
Keio Flying Squadron (Europe),SEGA GENESIS,(C)T-60,1994.OCT,KEIO YUUGEKITAI,KEIO FLYING SQUADRON,GM,T-60185,0,J6        ,E               
Keio Flying Squadron (Europe) (Demo),SEGA MEGA DRIVE,(C)T-60,1994.OCT,KEIO YUUGEKITAI,KEIO FLYING SQUADRON,GM,T-60185,0,J6        ,E               
Keio Flying Squadron (USA),SEGA GENESIS,(C)T-60,1994.OCT,KEIO YUUGEKITAI,KEIO FLYING SQUADRON,GM,T-60185,0,J6        ,U               
Keiou Yuugekitai (Japan),SEGA MEGA DRIVE,(C)T-60,1993.AUG,KEIO YUUGEKITAI,KEIO YUUGEKITAI,GM,T-60114,0,J         ,J               
Keiou Yuugekitai (Japan) (Demo),SEGA MEGA DRIVE,(C)T-60,1993.AUG,KEIO YUUGEKITAI,KEIO YUUGEKITAI,GM,T-60114,0,J         ,J               
Kids on Site (Europe) (RE-1),SEGA MEGA DRIVE,(C)T-162,1994.NOV,KIDS ON SITE,KIDS ON SITE,GM,T-162015,50,J6        ,E               
Kids on Site (USA),SEGA GENESIS,(C)T-162,1994.NOV,KIDS ON SITE,KIDS ON SITE,GM,T-162015,0,J6        ,U               
"Lawnmower Man, The (Europe)",SEGA GENESIS,(C)T-16,1994,THE LAWNMOWER MAN,THE LAWNMOWER MAN,GM,T-160015,1,J         ,U               
"Lawnmower Man, The (Europe) (Demo)",SEGA MEGA DRIVE,(C)T-16,1994,THE LAWNMOWER MAN,THE LAWNMOWER MAN,GM,T-160015,50,J         ,E               
"Lawnmower Man, The (USA)",SEGA GENESIS,(C)T-16,1994,THE LAWNMOWER MAN,THE LAWNMOWER MAN,GM,T-160015,1,J         ,U               
Lethal Enforcers (Europe),SEGA MEGA DRIVE,(C)T-95,1993.OCT,LETHAL ENFORCERS,LETHAL ENFORCERS,GM,T-95015,0,J         ,E               
Lethal Enforcers (Japan),SEGA MEGA DRIVE,(C)T-95,1993.OCT,LETHAL ENFORCERS,LETHAL ENFORCERS,GM,T-95014,0,J         ,J               
Lethal Enforcers (USA),SEGA GENESIS,(C)T-95,1993.OCT,LETHAL ENFORCERS,LETHAL ENFORCERS,GM,T-95015,0,J         ,U               
Lethal Enforcers (USA) (Alt),SEGA GENESIS,(C)T-95,1993.OCT,LETHAL ENFORCERS,LETHAL ENFORCERS,GM,T-95015,0,J         ,U               
Lethal Enforcers II - Gun Fighters (Europe),SEGA MEGA DRIVE,(C)T-95,1994.OCT,LETHAL ENFORCERS II THE WESTER,LETHAL ENFORCERS II GUN FIGHTE,GM,T-95025,0,J         ,E               
Lethal Enforcers II - Gun Fighters (Europe) (Beta) (1994-09-23),SEGA MEGA DRIVE,(C)T-95,1994.OCT,LETHAL ENFORCERS II THE WESTER,LETHAL ENFORCERS II GUN FIGHTE,GM,T-95025,0,J         ,E               
Lethal Enforcers II - Gun Fighters (Europe) (Demo),SEGA MEGA DRIVE,(C)T-95,1994.OCT,LETHAL ENFORCERS II THE WESTER,LETHAL ENFORCERS II GUN FIGHTE,GM,T-95025,0,J         ,E               
Lethal Enforcers II - Gun Fighters (USA),SEGA GENESIS,(C)T-95,1994.OCT,LETHAL ENFORCERS II THE WESTER,LETHAL ENFORCERS II GUN FIGHTE,GM,T-95025,0,J         ,U               
Lethal Enforcers II - The Western (Japan),SEGA MEGA DRIVE,(C)T-95,1994.OCT,LETHAL ENFORCERS II THE WESTER,LETHAL ENFORCERS II GUN FIGHTE,GM,T-95034,0,J         ,J               
Links - The Challenge of Golf (USA),SEGA GENESIS,(C)T-70,1994.SEP,"LINKS, THE CHALLENGE OF GOLF","LINKS, THE CHALLENGE OF GOLF",GM,T-70095,0,JM        ,U               
Links - The Challenge of Golf (USA) (RE),SEGA GENESIS,(C)T-70,1994.SEP,"LINKS, THE CHALLENGE OF GOLF","LINKS, THE CHALLENGE OF GOLF",GM,T-70095,0,JM        ,U               
Loadstar - The Legend of Tully Bodine (USA) (Beta),SEGA GENESIS,(C)T-153,94.OCT,LOADSTAR - THE LEGEND OF TULLY,LOADSTAR - THE LEGEND OF TULLY,GM,MK-0015,0,J         ,U               
"Loadstar - The Legend of Tully Bodine (USA, Brazil)",SEGA GENESIS,(C)T-153,94.OCT,LOADSTAR - THE LEGEND OF TULLY,LOADSTAR - THE LEGEND OF TULLY,GM,T-153015,0,J6        ,U               
Lords of Thunder (Europe),SEGA MEGA DRIVE,(C)T-14,1995.Apr,WINDS OF THUNDER,LORDS OF THUNDER,GM,T-143035,50,J         ,E               
Lords of Thunder (USA),SEGA GENESIS,(C)SEGA,1995.MAR,WINDS OF THUNDER,LORDS OF THUNDER,GM,MK-4449,,J         ,U               
Lunar - Eternal Blue (Japan),SEGA MEGA DRIVE,(C)T-45,1994.NOV,LUNAR2,LUNAR2,GM,T-45074,0,J         ,J               
Lunar - Eternal Blue (Japan) (Demo),SEGA MEGA DRIVE,(C)T-45,1994.NOV,ルナ　～エターナル・ブルー～,LUNAR_2,GM,T-45054,0,J         ,U               
Lunar - Eternal Blue (Japan) (Rev A),SEGA MEGA DRIVE,(C)T-45,1994.DEC,LUNAR2,LUNAR2,GM,T-45074,1,J         ,J               
Lunar - Eternal Blue (USA) (RE),SEGA GENESIS,T-127,1995.AUG,LUNAR -ETERNAL BLUE-,LUNAR -ETERNAL BLUE-,GM,T-127045,0,J         ,U               
Lunar - The Silver Star (Japan),SEGA MEGA DRIVE,(C)T-45,1992.JUN,ルナ　～ザ・シルバー・スター～,,GM,T-45014,0,JC        ,J               
Lunar - The Silver Star (USA),SEGA GENESIS,(C)T-12,1993.SEP,LUNAR,LUNAR,GM,T-127015,0,J         ,U               
Lunar - The Silver Star (USA) (RE),SEGA GENESIS,(C)T-12,1993.SEP,LUNAR,LUNAR,GM,T-127015,0,J         ,U               
Mad Dog II - The Lost Gold (USA),SEGA GENESIS,(C)T-111,1995.MAR,MAD DOG II THE LOST GOLD,MAD DOG II THE LOST GOLD,GM,T-111065,0,JMG       ,U               
Mad Dog McCree (USA),SEGA GENESIS,(C)T-111,1993.OCT,MAD DOG MCCREE,MAD DOG MCCREE,GM,T-11105,0,JMG       ,U               
Mahou no Shoujo - Silky Lip (Japan),SEGA MEGA DRIVE,(C)T-49,1992.MAR,魔法の少女　シルキー・リップ,Magical princessSilky Lip,GM,T-49024,0,J         ,J               
Make My Video - INXS (Europe),SEGA MEGA DRIVE,(C)SEGA,1993.AUG,MAKE MY VIDEO -- INXS,MAKE MY VIDEO -- INXS,GM,MK-4902,1,J         ,E               
Make My Video - INXS (USA),SEGA GENESIS,(C)SEGA,1993.JAN,MAKE MY VIDEO -- INXS,MAKE MY VIDEO -- INXS,GM,MK-4902,0,J         ,U               
Make My Video - Kris Kross (Europe),SEGA MEGA DRIVE,(C)SEGA,1993.JUN,MAKE MY VIDEO -- KRIS KROSS,MAKE MY VIDEO -- KRIS KROSS,GM,MK-4901,0,J         ,E               
Mansion of Hidden Souls (USA),SEGA GENESIS,(C)T-23,1994.JAN,MANSION OF HIDDEN SOULS,MANSION OF HIDDEN SOULS,GM,T-23015,0,JM        ,U               
Marko (USA) (Unl),SEGA GENESIS,(C)SEGA,1993.MAY,SEGA CD SAMPLE APP. WRITTEN BY TECH SUPPORT     ,SEGA CD SAMPLE APP. WRITTEN BY TECH SUPPORT     ,GM,MK-xxxx,0,J         ,U               
"Marko's Magic Football (Europe) (En,Fr,De,Es)",SEGA MEGADRIVE,(C)T-88,1995.JUN,MARKOS MAGIC FOOTBALL PUBLISHE,MARKOS MAGIC FOOTBALL PUBLISHE,GM,T-88025,5,J         ,E               
Mary Shelley's Frankenstein (USA),SEGA GENESIS,(C)T-93,1994.OCT,MARY SHELLEY`S FRANKENSTEIN,MARY SHELLEY`S FRANKENSTEIN,GM,T-93155,0,J         , U              
"Masked Rider, The - Kamen Rider ZO (USA)",SEGA GENESIS,(C)SEGA,1994.AUG,KAMEN RIDER ZO,THE MASKED RIDER: KAMEN RIDER,GM,MK-4444,0,J         ,U               
Mega Schwarzschild (Japan),SEGA MEGA DRIVE,(C)SEGA,1993.JUN,MEGA Schwarzschild,MEGA Schwarzschild,GM,G-6020-,0,J         ,J               
MegaRace (USA),SEGA GENESIS,(C)T-87,1994.DEC,MEGARACE,MEGARACE,GM,T-87025,0,J         ,U               
Mickey Mania (Europe),SEGA MEGA DRIVE,(C)T-93,1994.SEP,MICKEY MANIA,MICKEY MANIA,GM,T-93305,0,J         ,  E             
"Mickey Mania (Europe) (Demo) (Mega Power, Sega Pro)",SEGA MEGA DRIVE,(C)T-93,1994.SEP,MICKEY MANIA,MICKEY MANIA,GM,T-93305,0,J         ,  E             
Mickey Mania (Europe) (Demo) (Mega Sega),SEGA MEGA DRIVE,(C)T-93,1994.SEP,MICKEY MANIA,MICKEY MANIA,GM,T-93305,0,J         ,  E             
Mickey Mania - The Timeless Adventures of Mickey Mouse (USA),SEGA GENESIS,(C)T-93,1994.SEP,MICKEY MANIA,MICKEY MANIA,GM,T-93265,0,J         , U              
Microcosm (Europe),SEGA MEGA DRIVE,(C)T-113,1993.NOV,MICROCOSM,MICROCOSM,GM,T-11301,0,J         , E              
Microcosm (Europe) (Alt),SEGA MEGA DRIVE,(C)T-113,1993.NOV,MICROCOSM,MICROCOSM,GM,T-11301,0,J         , E              
Microcosm (Japan),SEGA MEGA DRIVE,(C)T-60,1994.FEB,MICROCOSM,MICROCOSM,GM,T-60164,0,J         ,J               
Microcosm (Japan) (Demo),SEGA MEGA DRIVE,(C)SEGA,1991.AUG,SAMPLE INITIAL PROGRAM BY SEGA,SAMPLE INITIAL PROGRAM BY SEGA,XX,0,0,J         ,J               
Microcosm (USA),SEGA GENESIS,(C)T-113,1993.DEC,MICROCOSM,MICROCOSM,GM,T-11301,0,J         , U              
Midnight Raiders (Europe),SEGA MEGA DRIVE,(C)SEGA,1995.APR,MIDNIGHT RAIDERS,MIDNIGHT RAIDERS,GM,MK-4439,0,J         ,E               
Midnight Raiders (USA),SEGA GENESIS,(C)SEGA,1994.DEC,MIDNIGHT RAIDERS,MIDNIGHT RAIDERS,GM,MK-4439,0,J         ,U               
Might and Magic III - Isles of Terra (Japan),SEGA MEGA DRIVE,(C)T-68,1993.OCT,MIGHT AND MAGIC3,MIGHT AND MAGIC3,GM,T-68024,0,JM        ,J               
Mighty Mighty Missile (USA) (Unl),SEGA GENESIS,(C)EVMD,2005.SEP,MIGHTY_MIGHTY_MISSILE,MIGHTY_MIGHTY_MISSILE,GM,MK-4407,0,J         ,U               
Mighty Morphin Power Rangers (Europe),SEGA GENESIS,(C)SEGA,1994.OCT,MIGHTY MORPHIN POWER RANGERS,MIGHTY MORPHIN POWER RANGERS,GM,MK-4442,0,J         ,E               
Mighty Morphin Power Rangers (USA),SEGA GENESIS,(C)SEGA,1994.OCT,MIGHTY MORPHIN POWER RANGERS,MIGHTY MORPHIN POWER RANGERS,GM,MK-4442,0,J         ,U               
Mortal Kombat (Europe),SEGA GENESIS,(C)T-81,1994.MAY,MORTAL KOMBAT,MORTAL KOMBAT,GM,T-81025,0,J6L       ,E               
Mortal Kombat (USA),SEGA GENESIS,(C)T-81,1994.MAY,MORTAL KOMBAT,MORTAL KOMBAT,GM,T-81025,0,J6L       ,U               
Mortal Kombat Kanzenban (Japan),SEGA GENESIS,(C)T-81,1994.MAY,MORTAL KOMBAT,MORTAL KOMBAT,GM,T-81025,0,J6L       ,J               
My Paint (USA),SEGA MEGA DRIVE,(C)T-109,1994.MH,MYPAINT SEGA CD,MYPAINT MEGA CD,AI,T-109015,0,"J,M       ",U               
NBA Jam (Europe),SEGA MEGA DRIVE,(C)T-81,1994.SEP,NBAJAM          RAM,NBAJAM          RAM,GM,T-81035,0,J4        ,E               
NBA Jam (Japan),SEGA MEGA DRIVE,(C)T-81,1994.SEP,NBAJAM          RAM,NBAJAM          RAM,GM,T-81035,0,J4        ,J               
NBA Jam (USA),SEGA GENESIS,(C)T-81,1994.SEP,NBAJAM          RAM,NBAJAM          RAM,GM,T-81035,0,J         ,U               
NFL Football Trivia Challenge (USA),SEGA GENESIS,(C)T-13,1994.NOV,NFL TRIVIA CHALLENGE,NFL TRIVIA CHALLENGE,GM,T-135015,0,J         ,U               
NFL's Greatest - San Francisco vs. Dallas 1978-1993 (USA),SEGA GENESIS,(C)SEGA,1993.DEC,N.F.L.'S GREATEST SAN FRANCISC,N.F.L.'S GREATEST SAN FRANCISC,GM,MK-4202,0,J         ,U               
NHL '94 (USA),SEGA GENESIS,(C)T-50,1993.NOV,NHL HOCKEY 94,NHL HOCKEY 94,GM,T-50015,0,J         ,U               
NHL Hockey '94 (Europe),SEGA MEGADRIVE,(C)T-50,1993.NOV,NHL HOCKEY 94,NHL HOCKEY 94,GM,T-50015,0,J         ,E               
"Night Striker (Japan, Korea)",SEGA MEGA DRIVE,(C)T-11,1993.MAY,NIGHT STRIKER,NIGHT STRIKER,GM,T-11014,0,JAC       ,J               
Night Trap (Europe) (Disc 1),SEGA MEGA DRIVE,(C)SEGA,1993.APR,,NIGHT TRAP,GM,MK-4903,0,J         ,E               
Night Trap (Europe) (Disc 1) (Mega-CD 32X),SEGA 32X,(C)T-162,1995.JAN,NIGHT TRAP,DISK1,GM,T-16202F,50,J         ,E               
Night Trap (Europe) (Disc 2),SEGA MEGA DRIVE,(C)SEGA,1993.APR,,NIGHT TRAP,GM,MK-4903,0,J         ,E               
Night Trap (Europe) (Disc 2) (Mega-CD 32X),SEGA 32X,(C)T-162,1995.JAN,NIGHT TRAP,DISK2,GM,T-16202F,50,J         ,E               
Night Trap (France) (Disc 1),SEGA MEGA DRIVE,(C)SEGA,1994.APR,NIGHT TRAP,DISK1,GM,MK-4903,0,J         ,E               
Night Trap (France) (Disc 2),SEGA MEGA DRIVE,(C)SEGA,1994.APR,NIGHT TRAP,DISK2,GM,MK-4903,0,J         ,E               
Night Trap (Japan) (Demo),SEGA MEGA DRIVE,(C)SEGA,1993.OCT,NIGHT TRAP,,GM,G-6025,0,J         ,J               
Night Trap (Japan) (Disc 1),SEGA MEGA DRIVE,(C)SEGA,1993.OCT,NIGHT TRAP,DISK1,GM,G-6025,0,J         ,J               
Night Trap (Japan) (Disc 2),SEGA MEGA DRIVE,(C)SEGA,1993.OCT,NIGHT TRAP,DISK2,GM,G-6025,0,J         ,J               
Night Trap (USA) (Disc 1) (Rerelease),SEGA GENESIS,(C)T-162,1994.DEC,NIGHT TRAP,DISK1,GM,T-162105,0,J         ,U               
Night Trap (USA) (Disc 1) (Rerelease) (Alt),SEGA GENESIS,(C)T-162,1994.DEC,NIGHT TRAP,DISK1,GM,T-162105,0,J         ,U               
Night Trap (USA) (Disc 1) (Sega CD 32X) (RE-1),SEGA 32X,(C)T-162,1994.DEC,NIGHT TRAP,DISK1,GM,T-16202F,0,J         ,U               
Night Trap (USA) (Disc 2) (Rerelease),SEGA GENESIS,(C)T-162,1994.DEC,NIGHT TRAP,DISK2,GM,T-162105,0,J         ,U               
Night Trap (USA) (Disc 2) (Rerelease) (Alt),SEGA GENESIS,(C)T-162,1994.DEC,NIGHT TRAP,DISK2,GM,T-162105,0,J         ,U               
Night Trap (USA) (Disc 2) (Sega CD 32X) (RE-1),SEGA 32X,(C)T-162,1994.DEC,NIGHT TRAP,DISK2,GM,T-16202F,0,J         ,U               
"Ninja Warriors, The (Japan)",SEGA MEGA DRIVE,(C)T-11,1993.MAR,THE NINJA WARRIORS,THE NINJA WARRIORS,GM,T-11024,0,JC        ,J               
Nobunaga no Yabou - Haouden (Japan),SEGA MEGA DRIVE,(C)T-76,1994.FEB,信長の野望　～覇王伝～,ECTION,GM,T-76024,0,JM        ,J               
Nostalgia 1907 - In North Atlantic Sea (Japan),SEGA MEGA DRIVE,(C)SEGA,1991.NOV,NOSTALGIA 1907 BY TAKERU,NOSTALGIA 1907 BY TAKERU,XX,0,0,J         ,J               
Note! Color Mechanica (USA) (Unl),SEGA GENESIS,(C)T-BA,2013.JAN,NOTE! / BATSLY ADAMS - COLOR M,NOTE! / BATSLY ADAMS - COLOR M,GM,T-00012,0,J         ,U               
Note! Color Mechanica (USA) (Unl) (Alt),SEGA GENESIS,(C)T-BA,2013.JAN,NOTE! / BATSLY ADAMS - COLOR M,NOTE! / BATSLY ADAMS - COLOR M,GM,T-00012,0,J         ,U               
Novastorm (Europe),SEGA MEGA DRIVE,(C)T-113,1994.NOV,NOVASTORM,NOVASTORM,GM,T-113065,0,J         ,E               
Novastorm (USA),SEGA GENESIS,(C)T-113,1994.NOV,NOVASTORM,NOVASTORM,GM,T-113025,0,J         ,U               
Panic! (USA) (RE),SEGA GENESIS,(C)T-13,1994.SEP,SWITCH,PANIC!,GM,T-13015,0,J6M       ,U               
Pitfall - The Mayan Adventure (Europe),SEGA MEGA DRIVE,(C)T130,1994.NOV,PITFALL,PITFALL,GM,T-130025,50,J6        ,E               
Pitfall - The Mayan Adventure (Europe) (Demo),SEGA MEGA DRIVE,(C)T130,1994.NOV,PITFALL,PITFALL,GM,T-130025,50,J6        ,E               
Pitfall - The Mayan Adventure (USA),SEGA GENESIS,(C)T130,1994.NOV,PITFALL,PITFALL,GM,T-130025,0,J6        ,U               
Popful Mail (USA) (RE),SEGA GENESIS,T-127 ,1995.JAN,Popful MAIL,Popful MAIL,GM,T-127035,0,J         ,U               
PopfulMail (Japan),SEGA MEGA DRIVE,(C)SEGA,1994.APR,Popful MAIL,Popful MAIL,GM,G-6029,0,J         ,J               
PopfulMail (Japan) (Demo),SEGA MEGA DRIVE,(C)T-XX,1994.JAN,Popful MAIL     //////////////,Popful MAIL     //////////////,GM,0,0,J         ,J               
Power Factory (Europe),SEGA MEGA DRIVE,(C)SEGA,1993.JUN,MAKE MY VIDEO -- C & C MUSIC F,MAKE MY VIDEO -- C & C MUSIC F,GM,MK-4901,0,J         ,E               
Power Monger (USA),SEGA GENESIS,(C)T-50,1994.JUN,POWERMONGER,POWERMONGER,GM,T-50035,0,J         ,U               
PowerMonger (Europe),SEGA MEGA DRIVE,(C)T-50,1994.JUN,POWERMONGER,POWERMONGER,GM,T-50035,0,J         ,E               
Pier Solar and the Great Architects - The Definitive Original Soundtrack (Europe) (Disc 4) (Enhanced Soundtrack Disc),SEGA MEGA DRIVE,(c)T574,2010.AUG,PIERSOLAR™& THE GREAT ARCHITECTS(c) WaterMelon™,PIERSOLAR™& THE GREAT ARCHITECTS(c) WaterMelon™ ,GM,T-5740??,1,J,J
Pier Solar and the Great Architects Enhanced Soundtrack Disc (USA),SEGA MEGA DRIVE,(c)T574,2010.AUG,PIERSOLAR™& THE GREAT ARCHITECTS(c) WaterMelon™,PIERSOLAR™& THE GREAT ARCHITECTS(c) WaterMelon™,GM,T-5740??,1,J,J
Prince of Persia (Europe),SEGA MEGA DRIVE,(C)SEGA,1992.Aug,Prince of Persia,Prince of Persia,GM,MK-4652,0,J         ,J               
Prince of Persia (Japan),SEGA MEGA DRIVE,(C)VICT,1992.Aug,Prince of Pelsia,Prince of Pelsia,GM,T-60014,,J         ,J               
Prince of Persia (USA),SEGA GENESIS,(C)SEGA,1992.Aug,Prince of Persia,Prince of Persia,GM,MK-4652,0,J         ,J               
Prize Fighter (Europe) (Disc 1),SEGA MEGA DRIVE,(C)SEGA,1993.DEC,Prize Fighter,Prize Fighter,GM,MK-4206,0,J6        ,E               
Prize Fighter (Europe) (Disc 2),SEGA MEGA DRIVE,(C)SEGA,1993.DEC,Prize Fighter,Prize Fighter,GM,MK-4206,0,J6        ,E               
Prize Fighter (Japan) (Disc 1),SEGA MEGA DRIVE,(C)SEGA,1994.DEC,Prize Fighter,Prize Fighter,GM,G-6037,0,J6        ,J               
Prize Fighter (Japan) (Disc 2),SEGA MEGA DRIVE,(C)SEGA,1994.DEC,Prize Fighter,Prize Fighter,GM,G-6037,0,J6        ,J               
Prize Fighter (USA) (Disc 1),SEGA GENESIS,(C)SEGA,1993.NOV,Prize Fighter,Prize Fighter,GM,MK-4206,0,J6        ,U               
Prize Fighter (USA) (Disc 1) (Alt),SEGA GENESIS,(C)SEGA,1993.NOV,Prize Fighter,Prize Fighter,GM,MK-4206,0,J6        ,U               
Prize Fighter (USA) (Disc 2),SEGA GENESIS,(C)SEGA,1993.NOV,Prize Fighter,Prize Fighter,GM,MK-4206,0,J6        ,U               
Pro Yakyuu Super League CD (Japan),SEGA MEGA DRIVE,(C)SEGA,1992.SEP,PUROYAKYUU      SUPER-LEAGUE C,PUROYAKYUU      SUPER-LEAGUE C,GM,G-6010-0,,J         ,J               
Psychic Detective Series Vol. 3 - Aya (Japan),SEGA MEGA DRIVE,(C)T-84,1992.SEP,AYA PSYCHIC DETECTIVE SERIES V,AYA PSYCHIC DETECTIVE SERIES V,GM,T-84024,0,J         ,J               
Psychic Detective Series Vol. 3 - Aya (Japan) (Demo),SEGA MEGA DRIVE,(C)T-84,1992.SEP,AYA PSYCHIC DETECTIVE SERIES V,AYA PSYCHIC DETECTIVE SERIES V,GM,T-84024,0,J         ,J               
Psychic Detective Series Vol. 4 - Orgel (Japan),SEGA MEGA DRIVE,(C)T-84,1993.SEP,ORGEL PSYCHIC DETECTIVE SERIES,ORGEL PSYCHIC DETECTIVE SERIES,GM,T-84034,0,J         ,J               
Psygnosis Christmas Sampler (Europe),SEGA MEGA DRIVE,(C)T-999,1993.NOV,PUGGSY CD,PUGGSY CD,GM,T-99999,50,J         ,  E             
Psygnosis Christmas Sampler (Europe) (Alt),SEGA MEGA DRIVE,(C)T-999,1993.NOV,PUGGSY CD,PUGGSY CD,GM,T-99999,50,J         ,  E             
Puggsy (Europe),SEGA MEGA DRIVE,(C)T-113,1993.SEP,PUGGSY CD,PUGGSY CD,GM,T-113035,0,J         ,  E             
Puggsy (USA),SEGA GENESIS,(C)T-113,1993.SEP,PUGGSY CD,PUGGSY CD,GM,T-113035,0,J         , U              
Quiz Scramble Special (Japan) (Rev B),SEGA MEGA DRIVE,(C)SEGA,1992.MAR,QUIZ SCRAMBLE SPECIAL,,GM,T-06003,0,J         ,J               
Quiz Tonosama no Yabou (Japan),SEGA MEGA DRIVE,(C)SIMS,1992.SEP,CAPCOM NO QUIZ   TONOSAMA NO,,GM,44024,0,J         ,J               
Racing Aces (USA),SEGA GENESIS,(C)SEGA,1993.NOV,Racing Aces,Racing Aces,GM,MK-4607,0,J6        ,U               
Radical Rex (USA),SEGA GENESIS,(C)T130,1994.NOV,RADICAL REX,RADICAL REX,GM,T-130035,1,J         ,U               
Ranma 1-2 - Byakuranaika (Japan),SEGA MEGA DRIVE,T-25,1992.EPI,MEGA-CD RANMA1/2,MEGA-CD RANMA1/2,GM,T-25014,0,J         ,J               
RDF - Global Conflict (USA),SEGA GENESIS,(C)T-86,1995.JAN,RDF:GLOBAL CONFLICT,RDF:GLOBAL CONFLICT,GM,T-86025,0,J         ,U               
Record of Lodoss War (Japan),SEGA MEGA DRIVE,(C)SEGA,1994.MAY,ロードス島戦記　～英雄戦争～,RECORD OF LODOSS WAR,GM,G-6024 ,0,J         ,J               
Record of Lodoss War (Japan) (Demo),SEGA MEGA DRIVE,(C)SEGA,1994.APR,ロードス島戦記　～英雄戦争～　【体験版】,,AA,A-00000,0,JC        ,J               
Revenge of the Ninja (USA),SEGA GENESIS,(C)T-49,1994.JAN,NINJA HAYATE,REVENGE OF THE  NINJA,GM,T-49035,0,J         ,U               
Revengers of Vengeance (USA),SEGA GENESIS,(C)T-22,1994.SEP,BATTLE FANTASY,REVENGERS OF VENGEANCE,GM,T-22035,0,J         ,U               
Rise of the Dragon (USA),SEGA GENESIS,(C)SEGA,1993.MAR,RISE OF THE DRAGON,RISE OF THE DRAGON,GM,MK-4301,0,JM        ,U               
Rise of the Dragon (USA) (Rerelease) (RE),SEGA GENESIS,(C)SEGA,1994.MAR,RISE OF THE DRAGON,RISE OF THE DRAGON,GM,T-110035,0,JM        ,U               
Rise of the Dragon - A Blade Hunter Mystery (Japan),SEGA MEGA DRIVE,(C)SEGA,1992.JUL,RISE OF THE DRAGON,RISE OF THE DRAGON,GM,G-6002-0,,JM        ,J               
Road Avenger (Europe),SEGA MEGA DRIVE,(C)T-32,1993.FEB,ROAD BLASTER FX,ROAD AVENGER,MK,44024,0,J         ,JUE             
Road Avenger (USA),SEGA GENESIS,(C)T-32,1993.FEB,ROAD AVENGER,ROAD BLASTER FX,GM,T-6207,0,J         ,JU              
Road Blaster FX (Japan),SEGA MEGA DRIVE,(C)T-32,1992.DEC,ROAD BRASTER FX,ROAD BRASTER FX,GM,T-32124,1,J         ,J               
Road Rash (USA),SEGA GENESIS,(C)EA 19,95.MAR,ROAD RASH,ROAD RASH,GM,T-50085,,J         ,U               
Robo Aleste (Europe),SEGA MEGA DRIVE,(C)T-66,1993.MAR,,ROBO ALESTE,GM,MK-4416,0,J         ,E               
Robo Aleste (USA),SEGA MEGA DRIVE,(C)T-66,1993.MAR,,ROBO ALESTE,GM,T-48015,0,J         ,U               
Samurai Shodown (Europe),SEGA MEGA DRIVE,(C)T-60,1995.JUN,Samurai Shodown,Samurai Shodown,GM,T-60175,50,J6        ,E               
Samurai Shodown (Europe) (Demo),SEGA MEGA DRIVE,(C)T-60,1995.APR,Samurai Shodown,Samurai Spirits,GM,T-60175,50,J6        ,E               
Samurai Shodown (USA) (RE),SEGA GENESIS,(C)T-60,1995.JUN,Samurai Shodown,Samurai Shodown,GM,T-60175,0,J6        ,U               
"San Diego Zoo Presents... The Animals!, The (Europe)",SEGA MEGA DRIVE,(C)T-158,1994.JUN,THE ANIMALS (SOFTWARE TOOLWORK,THE ANIMALS (SOFTWARE TOOLWORK,GM,T-158015,0,J         ,E               
"San Diego Zoo Presents... The Animals!, The (USA)",SEGA GENESIS,(C)T-87,1994.APR,THE ANIMALS (SOFTWARE TOOLWORK,THE ANIMALS (SOFTWARE TOOLWORK,GM,T-87015,0,J         ,U               
Sangokushi III (Japan),SEGA MEGA DRIVE,(C)T-76,1993.FEB,三國志Ⅲ        ECTION,ECTION,GM,T-76014,0,J,J
"Secret of Monkey Island, The (Japan)",SEGA MEGA DRIVE,(C)T-60,1993.8,MONKEY ISLAND,MONKEY ISLAND,GM,T-60044,0,JCBM      ,J               
"Secret of Monkey Island, The (USA) (Limited Run Games)",SEGA GENESIS,(C)T-60,1993.8,MONKEY ISLAND,MONKEY ISLAND,GM,T-60035,0,JCBM      ,U               
"Secret of Monkey Island, The (USA) (RE)",SEGA GENESIS,(C)T-60,1993.8,MONKEY ISLAND,MONKEY ISLAND,GM,T-60035,0,JCBM      ,U               
Sega CD Demo (Japan) (Proto) (1992-05-29),SEGA MEGA DRIVE,(C)T-32,1991.DEC,DOMESTIC TITLE,OVERSEAS TITLE,GM,T-32024,1,J         ,J               
Sega Classic Arcade Collection - Limited Edition (Japan),SEGA MEGA DRIVE,(C)SEGA,1992.SEP,SEGA CLASSIC,SEGA CLASSIC,GM,G-6012,0,J         ,J     10/09-1992
Sega Classics Arcade Collection (USA) (4-in-1) (RE),SEGA MEGA DRIVE,(C)SEGA,1992.SEP,SEGA CLASSIC,SEGA CLASSIC,GM,G-6012,0,J         ,U     10/09-1992
Sega Classics Arcade Collection (USA) (4-in-1) (RE2),SEGA MEGA DRIVE,(C)SEGA,1992.DEC,SEGA CLASSIC,SEGA CLASSIC,GM,G-6012,1,J         ,U     12/09-1992
Sega Classics Arcade Collection (USA) (5-in-1),SEGA MEGA DRIVE,(C)SEGA,1992.DEC,SEGA CLASSIC,SEGA CLASSIC,GM,G-6012,1,J         ,U     12/09-1992
Sega Classics Arcade Collection - Limited Edition (Europe) (Rev A),SEGA MEGA DRIVE,(C)SEGA,1992.DEC,SEGA CLASSIC,SEGA CLASSIC,GM,G-6012,1,J         ,E     12/09-1992
Sega Classics Arcade Collection - Limited Edition (Europe) (Rev A) (Alt),SEGA MEGA DRIVE,(C)SEGA,1992.DEC,SEGA CLASSIC,SEGA CLASSIC,GM,G-6012,1,J         ,E     12/09-1992
"Seima Densetsu 3x3 Eyes (Japan, Korea)",SEGA MEGA DRIVE,(C)SEGA,1993.JUN,SEGA 3X3EYES,SEGA 3X3EYES,GM,G-6007,0,J         ,J               
Seirei Shinseiki - Fhey Area (Japan),SEGA MEGA DRIVE,(C)T-32,1992.JAN,精霊神世紀　～フェイエリア～,FHEYAREA,GM,T-32034,1,J         ,J               
Sengoku Denshou (Japan),SEGA MEGA DRIVE,(C)T-24,1993.DEC,戦国伝承,SENGOKU,GM,T-24034,0,J         ,J               
Sensible Soccer (Europe) (Demo),SEGA MEGA-CD,(C)T-93,1994.JUN,SENSIBLE SOCCER,SENSIBLE SOCCER,GM,T-93185,0,J         ,E               
"Sensible Soccer (Europe) (En,Fr,De,It)",SEGA MEGA-CD,(C)T-93,1994.JUN,SENSIBLE SOCCER,SENSIBLE SOCCER,GM,T-93185,0,J         ,E               
Sewer Shark (Europe),SEGA GENESIS,(C)SEGA,1993.JUL,SEWER SHARK,SEWER SHARK,GM,T-06201,0,J         ,E               
Sewer Shark (USA) (Not for Resale),SEGA GENESIS,(C)SEGA,1993.JUN,SEWER SHARK,SEWER SHARK,GM,T-06201,3,J         ,U               
Sewer Shark (USA) (Not for Resale) (Alt 1),SEGA GENESIS,(C)SEGA,1993.JUN,SEWER SHARK,SEWER SHARK,GM,T-06201,3,J         ,U               
Sewer Shark (USA) (Not for Resale) (Alt 2),SEGA GENESIS,(C)SEGA,1993.JUN,SEWER SHARK,SEWER SHARK,GM,T-06201,3,J         ,U               
Shadow of the Beast II (USA),SEGA GENESIS,(C)T-113,1994.AUG,SHADOW OF THE BEAST TWO,SHADOW OF THE BEAST TWO,GM,T-113045,1,J         ,U               
Shadow of the Beast II - Juushin no Jubaku (Japan),SEGA MEGA DRIVE,(C)T-60,1994.JUL,SHADOW OF THE BEAST TWO,SHADOW OF THE BEAST TWO,GM,T-60034,0,J         ,J               
Shadowrun (Japan),SEGA MEGA DRIVE,(C)SEGA,1993.AUG,SHADOWRUN,,GM,T-66024,0,JM        ,J               
Sherlock Holmes - Consulting Detective (USA),SEGA MEGA DRIVE,(C)ICOM,1992.OCT,SherlockHolmes01,SherlockHolmes01,GM,T-4501,1,J         ,J               
Sherlock Holmes - Consulting Detective - Vol. II (Europe) (Disc 1),SEGA MEGA DRIVE,(C)SEGA,1993.APR,SHERLOCK HOLMES Consulting Det,SHERLOCK HOLMES Consulting Det,GM,MK-4653,0,J         ,E               
Sherlock Holmes - Consulting Detective - Vol. II (Europe) (Disc 2),SEGA MEGA DRIVE,(C)SEGA,1993.APR,SHERLOCK HOLMES Consulting Det,SHERLOCK HOLMES Consulting Det,GM,MK-4653,0,J         ,E               
Sherlock Holmes - Consulting Detective - Vol. II (USA) (Disc 1),SEGA GENESIS,(C)SEGA,1993.APR,SHERLOCK HOLMES Consulting Det,SHERLOCK HOLMES Consulting Det,GM,MK-4653,0,J         ,U               
Sherlock Holmes - Consulting Detective - Vol. II (USA) (Disc 2),SEGA GENESIS,(C)SEGA,1993.APR,SHERLOCK HOLMES Consulting Det,SHERLOCK HOLMES Consulting Det,GM,MK-4653,0,J         ,U               
Shin Megami Tensei (Japan),SEGA MEGA DRIVE,(C)SIMS,1994.JAN,SIN MEGAMI        TENSEI,,GM,T-044044,0,JM6       ,J               
Shining Force CD (Europe),SEGA MEGA DRIVE,(C)SEGA,1995.FEB,SHINING FORCE CD,SHINING FORCE CD,GM,MK-4656,0,J         ,E               
Shining Force CD (Japan),SEGA MEGA DRIVE,(C)SEGA,1994.JUL,SHINING FORCE CD,SHINING FORCE CD,GM,G-6036,0,J         ,J               
Shining Force CD (USA) (3R),SEGA GENESIS,(C)SEGA,1995.FEB,SHINING FORCE CD,SHINING FORCE CD,GM,MK-4656,0,J         ,U               
"Shining Force CD (USA) (5R, 6R)",SEGA GENESIS,(C)SEGA,1995.FEB,SHINING FORCE CD,SHINING FORCE CD,GM,MK-4656,0,J         ,U               
Silpheed (Europe),SEGA MEGA DRIVE,(C)T-45,1993.OCT,SILPHEED,SILPHEED,GM,MK-4423,0,J         ,E               
Silpheed (Japan),SEGA MEGA DRIVE,(C)T-45,1993.JUN,シルフィード,,GM,T-45054,0,J         ,J               
Silpheed (Japan) (Demo),SEGA MEGA DRIVE,(C)T-45,1993.JUN,シルフィード,,GM,T-45054,0,J         ,J               
Silpheed (Japan) (Demo) (Fixed Dump),SEGA MEGA DRIVE,(C)T-45,1993.JUN,シルフィード,,GM,T-45054,0,J         ,J               
Silpheed (USA),SEGA GENESIS,(C)T-45,1993.AUG,シルフィード,SILPHEED,GM,MK-4419,0,J         ,U               
SimEarth (Japan),SEGA MEGA DRIVE,(C)SEGA,1993.JAN,SIM EARTH,SIM EARTH,GM,G-6008,0,J         ,J               
Sing!! Sega Game Music Presented by B. B. Queens (Japan),SEGA MEGA DRIVE,(C)SEGA,1992.FEB,QUIZ SCRAMBLE SPECIAL,,GM,T-60064,0,J         ,J               
Slam City with Scottie Pippen (Europe) (Disc 1) (Fingers),SEGA GENESIS,(C)T-162,1995.FEB,Slam City with Scottie Pippen,Slam City with Scottie Pippen,GM,T-162035,50,J         ,8
Slam City with Scottie Pippen (Europe) (Disc 1) (Fingers) (Demo),SEGA GENESIS,(C)T-162,1994.NOV,Slam City with Scottie Pippen,Slam City with Scottie Pippen,GM,T-162035,50,J         ,E               
Slam City with Scottie Pippen (Europe) (Disc 1) (Fingers) (Mega-CD 32X),SEGA 32X,(C)T-162,1995.FEB,Slam City with Scottie Pippen,Slam City with Scottie Pippen,GM,T-16204F,50,J         ,8
Slam City with Scottie Pippen (Europe) (Disc 2) (Juice),SEGA GENESIS,(C)T-162,1995.FEB,Slam City with Scottie Pippen,Slam City with Scottie Pippen,GM,T-162035,50,J         ,8
Slam City with Scottie Pippen (Europe) (Disc 2) (Juice) (Mega-CD 32X),SEGA 32X,(C)T-162,1995.FEB,Slam City with Scottie Pippen,Slam City with Scottie Pippen,GM,T-16204F,50,J         ,8
Slam City with Scottie Pippen (Europe) (Disc 3) (Mad Dog),SEGA GENESIS,(C)T-162,1995.FEB,Slam City with Scottie Pippen,Slam City with Scottie Pippen,GM,T-162035,50,J         ,8
Slam City with Scottie Pippen (Europe) (Disc 3) (Mad Dog) (Mega-CD 32X),SEGA 32X,(C)T-162,1995.FEB,Slam City with Scottie Pippen,Slam City with Scottie Pippen,GM,T-16204F,50,J         ,8
Slam City with Scottie Pippen (Europe) (Disc 4) (Smash),SEGA GENESIS,(C)T-162,1995.FEB,Slam City with Scottie Pippen,Slam City with Scottie Pippen,GM,T-162035,50,J         ,8
Slam City with Scottie Pippen (Europe) (Disc 4) (Smash) (Mega-CD 32X),SEGA 32X,(C)T-162,1995.FEB,Slam City with Scottie Pippen,Slam City with Scottie Pippen,GM,T-16204F,50,J         ,8
Slam City with Scottie Pippen (USA) (Disc 1) (Fingers),SEGA GENESIS,(C)T-162,1994.NOV,Slam City with Scottie Pippen,Slam City with Scottie Pippen,GM,T-162035,0,J         ,U               
Slam City with Scottie Pippen (USA) (Disc 1) (Fingers) (Sega CD 32X),SEGA GENESIS,(C)T-162,1995.FEB,Slam City with Scottie Pippen,Slam City with Scottie Pippen,GM,T-16204F,0,J         ,4
Slam City with Scottie Pippen (USA) (Disc 2) (Juice) (Sega CD 32X),SEGA GENESIS,(C)T-162,1995.FEB,Slam City with Scottie Pippen,Slam City with Scottie Pippen,GM,T-16204F,0,J         ,4
Slam City with Scottie Pippen (USA) (Disc 3) (Mad Dog),SEGA GENESIS,(C)T-162,1994.NOV,Slam City with Scottie Pippen,Slam City with Scottie Pippen,GM,T-162035,0,J         ,U               
Slam City with Scottie Pippen (USA) (Disc 3) (Mad Dog) (Sega CD 32X),SEGA GENESIS,(C)T-162,1995.FEB,Slam City with Scottie Pippen,Slam City with Scottie Pippen,GM,T-16204F,0,J         ,4
Slam City with Scottie Pippen (USA) (Disc 4) (Smash) (RE-1),SEGA GENESIS,(C)T-162,1994.NOV,Slam City with Scottie Pippen,Slam City with Scottie Pippen,GM,T-162035,0,J         ,U               
Slam City with Scottie Pippen (USA) (Disc 4) (Smash) (Sega CD 32X),SEGA GENESIS,(C)T-162,1995.FEB,Slam City with Scottie Pippen,Slam City with Scottie Pippen,GM,T-16204F,0,J         ,4
"Slam City with Scottie Pippen (USA, Brazil) (Disc 1) (Fingers) (RE-1)",SEGA GENESIS,(C)T-162,1994.NOV,Slam City with Scottie Pippen,Slam City with Scottie Pippen,GM,T-162035,0,J         ,U               
"Slam City with Scottie Pippen (USA, Brazil) (Disc 2) (Juice) (RE-1)",SEGA GENESIS,(C)T-162,1994.NOV,Slam City with Scottie Pippen,Slam City with Scottie Pippen,GM,T-162035,0,J         ,U               
"Slam City with Scottie Pippen (USA, Brazil) (Disc 3) (Mad Dog) (RE-1)",SEGA GENESIS,(C)T-162,1994.NOV,Slam City with Scottie Pippen,Slam City with Scottie Pippen,GM,T-162035,0,J         ,U               
"Slam City with Scottie Pippen (USA, Brazil) (Disc 4) (Smash)",SEGA GENESIS,(C)T-162,1994.NOV,Slam City with Scottie Pippen,Slam City with Scottie Pippen,GM,T-162035,0,J         ,U               
"Smurfs, The (Europe) (En,Fr,De,Es,It)",SEGA GENESIS,(C)T-151,1994.DEC,SMURFS,SMURFS,GM,T-151015,0,J         ,U               
Snatcher (Europe),SEGA MEGA DRIVE,(C)T-95,1994.NOV,SNATCHER,SNATCHER,GM,T-95035,0,J         ,J               
Snatcher (Europe) (Beta) (1994-10-07),SEGA GENESIS,(C)T-95,1994.OCT,SNATCHER,SNATCHER,GM,T-95035,0,J         ,J               
Snatcher (USA),SEGA GENESIS,(C)T-95,1994.OCT,SNATCHER,SNATCHER,GM,T-95035,0,J         ,J               
"Software Toolworks' Star Wars Chess, The (Europe)",SEGA MEGA DRIVE,(C)T-158,1994.JUN,SEGA CD BEEF BOOT   SYSTEM BOOT DISK,SOFTWARE TOOLWORKS PRESENTS STARWARS CHESS,GM,T-158025,0,J         ,E               
"Software Toolworks' Star Wars Chess, The (USA)",SEGA GENESIS,(C)T-87,1994.JUN,SEGA CD BEEF BOOT   SYSTEM BOOT DISK,SOFTWARE TOOLWORKS PRESENTS STARWARS CHESS,GM,T-87035,0,J         ,U               
"Software Toolworks' Star Wars Chess, The (USA) (Alt)",SEGA GENESIS,(C)T-87,1994.JUN,SEGA CD BEEF BOOT   SYSTEM BOOT DISK,SOFTWARE TOOLWORKS PRESENTS STARWARS CHESS,GM,T-87035,0,J         ,U               
Sol-Feace (Europe),SEGA MEGA DRIVE,(C)T-32,1992.OCT,SOL-FEACE,SOL-FEACE,GM,MK-4404,,J         ,U               
Sol-Feace (Europe) (Alt),SEGA MEGA DRIVE,(C)T-32,1992.OCT,SOL-FEACE,SOL-FEACE,GM,MK-4404,,J         ,U               
Sol-Feace (Japan),SEGA MEGA DRIVE,(C)T-32,1991.DEC,ソル・フィース,SOL-FEACE,GM,T-32024,1,J         ,J               
Sol-Feace (USA) (RE),SEGA MEGA DRIVE,(C)T-32,1992.OCT,SOL-FEACE,SOL-FEACE,GM,MK-4404,,J         ,U               
Sol-Feace (USA) (RE2),SEGA MEGA DRIVE,(C)T-32,1992.OCT,SOL-FEACE,SOL-FEACE,GM,MK-4404,,J         ,U               
Sonic CD (Europe),SEGA MEGA DRIVE,(C)SEGA,1993.AUG,SONIC THE HEDGEHOG-CD,SONIC THE HEDGEHOG-CD,GM,MK-4407,0,J         ,E               
Sonic CD (Europe) (Beta) (1993-08-06),SEGA MEGA DRIVE,(C)SEGA,1993.AUG,SONIC THE HEDGEHOG-CD,SONIC THE HEDGEHOG-CD,GM,G-6021,0,J         ,E               
Sonic CD (Europe) (Beta) (1993-08-19),SEGA MEGA DRIVE,(C)SEGA,1993.AUG,SONIC THE HEDGEHOG-CD,SONIC THE HEDGEHOG-CD,GM,MK-4407,0,J         ,E               
Sonic CD (USA),SEGA GENESIS,(C)SEGA,1993.OCT,SONIC THE HEDGEHOG-CD,SONIC THE HEDGEHOG-CD,GM,MK-4407,0,J         ,U               
Sonic CD (USA) (Alt),SEGA GENESIS,(C)SEGA,1993.OCT,SONIC THE HEDGEHOG-CD,SONIC THE HEDGEHOG-CD,GM,MK-4407,0,J         ,U               
Sonic CD (USA) (Beta) (1993-10-12),SEGA GENESIS,(C)SEGA,1993.OCT,SONIC THE HEDGEHOG-CD,SONIC THE HEDGEHOG-CD,GM,MK-4407,0,J         ,U               
Sonic CD (USA) (RE125),SEGA GENESIS,(C)SEGA,1993.OCT,SONIC THE HEDGEHOG-CD,SONIC THE HEDGEHOG-CD,GM,MK-4407,0,J         ,U               
Sonic CD (USA) (RE125) (Alt 1),SEGA GENESIS,(C)SEGA,1993.OCT,SONIC THE HEDGEHOG-CD,SONIC THE HEDGEHOG-CD,GM,MK-4407,0,J         ,U               
Sonic CD (USA) (RE125) (Alt 2),SEGA GENESIS,(C)SEGA,1993.OCT,SONIC THE HEDGEHOG-CD,SONIC THE HEDGEHOG-CD,GM,MK-4407,0,J         ,U               
Sonic MegaMix (USA) (Unl),SEGA GENESIS,(C)TMM,2008.AUG,SONIC 1 MEGAMIX,SONIC 1 MEGAMIX,GM,TMM-00000,0,J,U               
Sonic the Hedgehog CD (Japan),SEGA MEGA DRIVE,(C)SEGA,1993.AUG,SONIC THE HEDGEHOG-CD,SONIC THE HEDGEHOG-CD,GM,G-6021,0,J         ,J               
Sonic the Hedgehog CD (Japan) (Beta) (1993-07-12),SEGA MEGA DRIVE,(C)SEGA,1993.APR,CD-SONIC THE HEDGEHOG,CD-SONIC THE HEDGEHOG,XX,0,0,J         ,J               
Sonic the Hedgehog CD (Japan) (Beta) (1993-08-01),SEGA MEGA DRIVE,(C)SEGA,1993.AUG,SONIC THE HEDGEHOG-CD,SONIC THE HEDGEHOG-CD,GM,G-6021-10,105,J         ,J               
Sonic the Hedgehog CD (Japan) (Demo),SEGA MEGA DRIVE,(C)SEGA,1993.AUG,SONIC THE HEDGEHOG-CD SAMPLE,SONIC THE HEDGEHOG-CD SAMPLE,GM,G-6021,0,J         ,J               
SoulStar & Battlecorps (Europe) (Demo),SEGA MEGA DRIVE,(C)T-60,1993.SEP,DEMO_DISK,DEMO_DISK,GM,T-0002-0,,J         ,E               
SoulStar (Europe) (Demo),SEGA MEGA DRIVE,(C)T-60,1993.SEP,SOULSTAR,SOULSTAR,GM,T-0002-0,,J         ,E               
"SoulStar (Europe) (En,Fr,De)",SEGA MEGA DRIVE,(C)T-60,1994.OCT,SOULSTAR,SOULSTAR,GM,T-115035,0,J6        ,E               
SoulStar (Japan),SEGA MEGA DRIVE,(C)T-60,1994.DEC,SOULSTAR,SOULSTAR,GM,T-60184,0,J6        ,J               
SoulStar (USA),SEGA GENESIS,(C)T-115,1994.NOV,SOULSTAR,SOULSTAR,GM,T-115035,0,J6        ,U               
Space Ace (USA),SEGA MEGADRIVE,(C)T-121,,SPACE ACE,SPACE ACE,GM,T-121025,0,J         ,U               
"Space Adventure, The - Cobra - The Legendary Bandit (Europe)",SEGA MEGA DRIVE,(C)T-14,1995.MAY,THE SPACE ADVENTURE COBRA,THE SPACE ADVENTURE COBRA,GM,T-143015,50,J         ,E               
"Space Adventure, The - Cobra - The Legendary Bandit (USA)",SEGA GENESIS,(C)T-14,1995.APR,THE SPACE ADVENTURE COBRA,THE SPACE ADVENTURE COBRA,GM,T-143015,0,J         ,U               
Star Wars - Rebel Assault (Europe),SEGA MEGA DRIVE,(C)T-60,1994.MAY,REBEL ASSAULT,REBEL ASSAULT,GM,T-60075,0,J         ,E               
Star Wars - Rebel Assault (Europe) (Demo) (Mega Power),SEGA MEGA DRIVE,(C)T-60,1994.MAY,REBEL ASSAULT,REBEL ASSAULT,GM,T-60075,0,J         ,E               
Star Wars - Rebel Assault (Europe) (Demo) (Sega Pro),SEGA MEGA DRIVE,(C)T-60,1994.MAY,REBEL ASSAULT,REBEL ASSAULT,GM,T-60075,0,J         ,E               
Star Wars - Rebel Assault (Japan),SEGA MEGA DRIVE,(C)T-60,1994.AUG,REBEL ASSAULT,REBEL ASSAULT,GM,T-60174,0,J         ,J               
Star Wars - Rebel Assault (USA),SEGA GENESIS,(C)T-60,1994.JUL,REBEL ASSAULT,REBEL ASSAULT,GM,T-60075,0,J         ,U               
Star Wars - Rebel Assault (USA) (Limited Run Games),SEGA GENESIS,(C)T-60,1994.JUL,REBEL ASSAULT,REBEL ASSAULT,GM,T-60075,0,J         ,U               
Starblade (Europe),SEGA MEGA DRIVE,(C)T-14,"1994,7",STAR BLADE,STAR BLADE,GM,T-14025,0,JMA       ,E               
Starblade (Japan),SEGA MEGA DRIVE,(C)T-14,"1994,7",STAR BLADE,STAR BLADE,GM,T-14014,0,JMA       ,J               
Starblade (USA),SEGA GENESYS,(C)T-14,"1994,7",STAR BLADE,STAR BLADE,GM,T-14025,0,JMA       ,U               
Stellar-Fire (USA),SEGA GENESIS,(C)T-110,1993.OCT,STELLAR FIRE,STELLAR FIRE,GM,T-110025,0,J         ,U               
Super Strike Trilogy (USA) (Unl),SEGA GENESIS,(C)EA,1993 FEB,,,GM,MK 0xxxx,0,J         ,J               
Supreme Warrior (Europe) (Disc 1),SEGA GENESIS,(C)T-162,1995.FEB,SUPREME WARRIOR,SUPREME WARRIOR,GM,T-162045,50,J6        ,8
Supreme Warrior (Europe) (Disc 1) (Mega-CD 32X),SEGA 32X,(C)T-162,1995.FEB,SUPREME WARRIOR,SUPREME WARRIOR,GM,T-16203F,50,J6        ,8
Supreme Warrior (Europe) (Disc 2),SEGA GENESIS,(C)T-162,1995.FEB,SUPREME WARRIOR,SUPREME WARRIOR,GM,T-162045,50,J6        ,8
Supreme Warrior (Europe) (Disc 2) (Mega-CD 32X),SEGA 32X,(C)T-162,1995.FEB,SUPREME WARRIOR,SUPREME WARRIOR,GM,T-16203F,50,J6        ,8
Supreme Warrior (USA) (Disc 1) (Fire & Earth),SEGA GENESIS,(C)T-162,1994.NOV,SUPREME WARRIOR,SUPREME WARRIOR,GM,T-162045,0,J6        ,U               
Supreme Warrior (USA) (Disc 1) (Fire & Earth) (Alt),SEGA GENESIS,(C)T-162,1994.NOV,SUPREME WARRIOR,SUPREME WARRIOR,GM,T-162045,0,J6        ,U               
Supreme Warrior (USA) (Disc 1) (Fire & Earth) (Sega CD 32X),SEGA 32X,(C)T-162,1995.JAN,SUPREME WARRIOR,SUPREME WARRIOR,GM,T-16203F,0,J6        ,U               
Supreme Warrior (USA) (Disc 2) (Wind & Fang Tu),SEGA GENESIS,(C)T-162,1994.NOV,SUPREME WARRIOR,SUPREME WARRIOR,GM,T-162045,0,J6        ,U               
Supreme Warrior (USA) (Disc 2) (Wind & Fang Tu) (Sega CD 32X),SEGA 32X,(C)T-162,1995.JAN,SUPREME WARRIOR,SUPREME WARRIOR,GM,T-16203F,0,J6        ,U               
Surgical Strike (Brazil) (Sega CD 32X),SEGA GENESIS,(C)SEGA,1995.SEP,SURGICAL STRIKE,SURGICAL STRIKE,GM,MK-4435,0,J         ,U               
Surgical Strike (Europe),SEGA MEGA DRIVE,(C)SEGA,1995.MAR,SURGICAL STRIKE,SURGICAL STRIKE,GM,MK-4435,0,J         ,8
Surgical Strike (Japan),SEGA MEGA DRIVE,(C)SEGA,1995.NOV,SURGICAL STRIKE,SURGICAL STRIKE,GM,G-6044,0,J         ,J               
Surgical Strike (USA),SEGA GENESIS,(C)SEGA,1995.MAR,SURGICAL STRIKE,SURGICAL STRIKE,GM,MK-4435,0,J         ,4
Surgical Strike (USA) (Alt),SEGA GENESIS,(C)SEGA,1995.MAR,SURGICAL STRIKE,SURGICAL STRIKE,GM,MK-4435,0,J         ,4
Switch (Japan),SEGA MEGA DRIVE,(C)SEGA,1993.MAR,SWITCH,SWITCH,GM,T-6009,0,JM        ,J               
"Syndicate (Europe) (En,Fr,De)",SEGA MEGADRIVE,(C)T-88,1995.AUG,SYNDICATE PUBLISHED BY DOMARK,SYNDICATE PUBLISHED BY DOMARK,GM,T-88065,50,J         ,E               
Tenbu Mega CD Special (Japan),SEGA MEGA DRIVE,(C)T-32,1992.DEC,TENBU,TENBU,GM,T-32084,0,J         ,J               
Tenkafubu - Eiyuutachi no Houkou (Japan),SEGA MEGA DRIVE,(C)T-45,1991.DEC,天下布武　～英雄たちの咆哮～,,GM,T-45024,0,JC        ,J               
"Terminator, The (Europe)",SEGA MEGA DRIVE,(C)T-70,1993.NOV,THE TERMINATOR,THE TERMINATOR,GM,T-70015,0,J         ,E               
"Terminator, The (USA)",SEGA GENESIS,(C)T-70,1993.NOV,THE TERMINATOR,THE TERMINATOR,GM,T-70015,0,J         ,U               
"Theme Park (Europe) (En,Fr,De,Es)",SEGA MEGADRIVE,(C)T-88,1995_JUL,THEME PARK PUBLISHED BY DOMARK,THEME PARK PUBLISHED BY DOMARK,GM,T-88055,50,J         ,E               
Third World War (USA),SEGA GENESIS,(C)T-22,1993.DEC,THE 3RD WORLD WAR,THE 3RD WORLD WAR,GM,T-22025,0,J         ,U               
Thunder Storm FX (Japan),SEGA MEGA DRIVE,(C)T-32,1992.AUG,THUNDER STORM,COBRA COMMAND,GM,T-32064,1,J         ,JUE             
Thunderhawk (Europe) (Demo),SEGA MEGA DRIVE,(C)T-07,1993.SEP,THUNDERHAWK,THUNDERHAWK,GM,T-115015,50,J         ,E               
"Thunderhawk (Europe) (Demo) (Mega Power, Sega Pro)",SEGA MEGA DRIVE,(C)T-60,1993.SEP,THUNDERHAWK,THUNDERHAWK,GM,T-115015,0,J         ,E               
"Thunderhawk (Europe) (En,Fr,De,Es) (RE)",SEGA MEGA DRIVE,(C)T-07,1993.SEP,THUNDERHAWK,THUNDERHAWK,GM,T-115015,0,J         ,E               
Thunderhawk (Japan),SEGA MEGA DRIVE,(C)T-07,1993.SEP,THUNDERHAWK,THUNDERHAWK,GM,T-60134,0,J         ,J               
Thunderhawk (Japan) (Demo),SEGA MEGA DRIVE,(C)T-07,1993.SEP,THUNDERHAWK,THUNDERHAWK,GM,T-60134,0,J         ,J               
Time Gal (Europe),SEGA MEGA DRIVE,(C)T-32,1993.APR,TIME GAL,TIME GAL,GM,MK-4417,0,J         ,JE              
Time Gal (Japan),SEGA MEGA DRIVE,(C)T-32,1992.SEP,TIME GAL,TIME GAL,GM,T-32114,1,J         ,J               
Time Gal (USA),SEGA GENESIS,(C)T-49,1993.APR,TIME GAL,TIME GAL,GM,T-6214 ,0,J         ,JU              
TimeCop (Europe) (Demo),SEGA MEGA DRIVE,(C)CRYO,1994.NOV,TIME COP,TIME COP,GM,T-66666,1,J         ,U               
Tomcat Alley (Australia),SEGA MEGA DRIVE,(C)SEGA,1994.MAR,TOMCAT ALLEY,TOMCAT ALLEY,GM,MK-4428,0,J         ,E               
Tomcat Alley (Europe),SEGA MEGA DRIVE,(C)SEGA,1994.MAR,TOMCAT ALLEY,TOMCAT ALLEY,GM,MK-4428,0,J         ,E               
Tomcat Alley (France),SEGA MEGA DRIVE,(C)SEGA,1995.MAR,TOMCAT ALLEY FRENCH,TOMCAT ALLEY FRENCH,GM,MK-00442,0,J         ,8
Tomcat Alley (Germany),SEGA MEGA DRIVE,(C)SEGA,1995.MAR,TOMCAT ALLEY GERMAN,TOMCAT ALLEY GERMAN,GM,MK-00442,0,J         ,8
Tomcat Alley (Japan),SEGA MEGA DRIVE,(C)SEGA,1994.OCT,TOMCAT ALLEY,TOMCAT ALLEY,GM,G-006039,0,J         ,J               
Tomcat Alley (Spain),SEGA MEGA DRIVE,(C)SEGA,1995.MAR,TOMCAT ALLEY SPANISH,TOMCAT ALLEY SPANISH,GM,MK-00442,0,J         ,8
Tomcat Alley (USA),SEGA GENESIS,(C)SEGA,1994.MAR,TOMCAT ALLEY,TOMCAT ALLEY,GM,MK-4428,0,J         ,U               
Tomcat Alley (USA) (Alt),SEGA GENESIS,(C)SEGA,1994.MAR,TOMCAT ALLEY,TOMCAT ALLEY,GM,MK-4428,0,J         ,U               
Trivial Pursuit (USA),SEGA GENESIS,(C)T-89,1994.SEP,TRIVIAL PURSUIT,TRIVIAL PURSUIT,GM,T-89015,0,J         ,U               
Ultraverse Prime (USA),SEGA GENESIS,(C)T-93,1994.DEC,PRIME,PRIME,GM,T-93325,0,J         ,U               
Urusei Yatsura - Dear My Friends (Japan),SEGA MEGA DRIVE,(C)T-450,64  1994,URUSEI-YATSURA,URUSEI-YATSURA,GM,T-45064,0,J6M       ,J               
Urusei Yatsura - Dear My Friends (Japan) (Demo),SEGA MEGA DRIVE,(C)T-45,,URUSEI-YATSURA,URUSEI-YATSURA,GM,T-45064,0,JM        ,J               
Vay (USA),SEGA GENESIS,T-127 19,94.JUN,VAY,VAY,GM,T-127025,0,J         ,U               
Vay - Ryuusei no Yoroi (Japan),SEGA MEGA DRIVE,(C)SIMS,1993.SEP,VAY,,GM,44014,0,J         ,J               
Wakusei Woodstock - Funky Horror Band (Japan),SEGA MEGA DRIVE,(C)SEGA,1991.AUG,SAMPLE INITIAL PROGRAM BY SEGA,SAMPLE INITIAL PROGRAM BY SEGA,XX,0,0,J         ,J               
Warau Salesman (Japan),SEGA MEGA DRIVE,(C)SEGA,1993.AUG,WARAU SALESMAN,WARAU SALESMAN,GM,G-6006,0,JM        ,J               
What Is X'Eye Multi Entertainment System (USA),SEGA MEGA DRIVE,(C)T-60,1993.DEC,WONDER-MEGA DEMO,WONDER-MEGA DEMO,GM,T-60114,0,J6        ,U               
Wheel of Fortune (USA),SEGA GENESIS,(C)T-93,1994.DEC,WHEEL OF FORTUNE,WHEEL OF FORTUNE,GM,T-93085,0,J4        ,U               
Who Shot Johnny Rock (USA),SEGA GENESIS,(C)T-111,1994.JUL,WHO SHOT JOHNNY ROCK?,WHO SHOT JOHNNY ROCK?,GM,T-111045,0,JMG       ,U               
Wild Woody (USA),SEGA GENESIS,(C)SEGA,1995.JUN,WILD WOODY,WILD WOODY,GM,MK-4440,0,J         ,U               
Wing Commander (Japan),SEGA MEGA DRIVE,SEGA ENT,ERPRISES,WING COMMANDER,WING COMMANDER,GM,G-6011,0,J6        ,J               
Wing Commander (USA),SEGA GENESIS,(C)T-50,1994.FEB,WING COMMANDER,WING COMMANDER,GM,T-50045,0,J6        ,U               
Winning Post (Japan),SEGA MEGA DRIVE,(C)T-76,1993.JUL,WinningPost     ECTION,ECTION,GM,T-76044,0,J         ,J               
WireHead (Europe) (Beta) (1995-09-12),SEGA MEGA DRIVE,(C)SEGA,1995.SEP,WIREHEAD,WIREHEAD,GM,MK-4437,0,J         ,E               
WireHead (USA),SEGA GENESIS,(C)SEGA,1995.SEP,WIREHEAD,WIREHEAD,GM,MK-4437,0,J         ,U               
Wolfchild (Europe),SEGA MEGA DRIVE,(C)SEGA,1991.AUG,WOLFCHILD,WOLFCHILD,GM,T-6403-0,,J         ,E               
Wolfchild (Japan),SEGA MEGA DRIVE,(C)SEGA,1991.AUG,WOLFCHILD,WOLFCHILD,GM,T-60104,0,J         ,J               
Wolfchild (USA),SEGA GENESIS,(C)T-98,1992.DEC,WOLFCHILD,WOLFCHILD,GM,T-6403-0,,J         ,U               
Wonder Dog (Europe),SEGA MEGA DRIVE,(C)T-98,1993.JAN,WONDERDOG,WONDERDOG,MK-,4423-00,,J         ,E               
Wonder Dog (Japan),SEGA MEGA DRIVE,(C)SEGA,1992.JUL,WONDERDOG,WONDERDOG,GM,T-60074,0,J         ,J               
Wonder Dog (USA) (RE),SEGA GENESIS,(C)T-98,1992.DEC,WONDERDOG,WONDERDOG,GM,T-6402,,J         ,U               
WonderMega Collection (Japan) (Rev 2),SEGA MEGA DRIVE,(C)SEGA,1992.APR,WONDER-MEGA COLLECTION,WONDER-MEGA COLLECTION,GM,T-60064,10,J         ,J               
"World Cup USA '94 (Europe) (En,Fr,De,Es,It,Nl,Pt,Sv)",SEGA MEGADRIVE,(C)T-79,1994.JUN,WORLD CUP USA'94,WORLD CUP USA'94,GM,T-79025,0,J4        ,E               
"World Cup USA '94 (USA) (En,Fr,De,Es,It,Nl,Pt,Sv)",SEGA GENESIS,(C)T-79,1994.JUN,WORLD CUP USA'94,WORLD CUP USA'94,GM,T-79025,0,J4        ,U               
WWF - Rage in the Cage (Europe),SEGA MEGA DRIVE,(C)T-81,1993.NOV,WWF RAGE IN THE CAGE,WWF RAGE IN THE CAGE,GM,T-81015,0,J6        ,E               
WWF - Rage in the Cage (USA),SEGA GENESIS,(C)T-81,1993.NOV,WWF RAGE IN THE CAGE,WWF RAGE IN THE CAGE,GM,T-81015,0,J6        ,U               
WWF Mania Tour - WWF - Rage in the Cage (Japan),SEGA MEGA DRIVE,(C)T-81,1993.NOV,WWF RAGE IN THE CAGE,WWF RAGE IN THE CAGE,GM,T-81015,0,J6        ,J               
Yumemi Mystery Mansion (Australia),SEGA MEGA DRIVE,(C)SEGA,1994.FEB,YUMEMI MISTERY MANSION,YUMEMI MISTERY MANSION,GM,MK- 4430,,JM        ,E               
Yumemi Mystery Mansion (Europe) (Made in EU),SEGA MEGA DRIVE,(C)SEGA,1994.FEB,YUMEMI MISTERY MANSION,YUMEMI MISTERY MANSION,GM,MK- 4430,,JM        ,E               
Yumemi Mystery Mansion (Europe) (Made in Japan),SEGA MEGA DRIVE,(C)SEGA,1994.FEB,YUMEMI MISTERY MANSION,YUMEMI MISTERY MANSION,GM,MK- 4430,,JM        ,E               
Yumemi Yakata no Monogatari (Japan),SEGA MEGA DRIVE,(C)SEGA,1993.SEP,YUMEMIYAKATA NO MONOGATARI,YUMEMIYAKATA NO MONOGATARI,GM,G-6027,0,JM        ,J               
Yumemi Yakata no Monogatari (Japan) (Demo),SEGA MEGA DRIVE,(C)SEGA,1993.SEP,YUMEMIYAKATA NO MONOGATARI,YUMEMIYAKATA NO MONOGATARI,GM,G-6027,0,JM        ,J               
Yumimi Mix (Japan),SEGA MEGA DRIVE,(C)T-45,1992.DEC,ゆみみみっくす,,GM,T-45034,0,J         ,J               
