Name,Game Title,Product Number,Version,Hardware Identifier,Marker ID,Release Date,Device Information,Compatible Peripherals,Compatible Area Symbols
3D Lemmings v3.08 (1996)(Psygnosis)(PAL)[!],LEMMINGS 3D,T-11304H,V3.08,SEGA SEGASATURN,SEGA TP T-113,19960530,CD-1/1,J,E
A+M+O+K v1.003 (1997)(Sega)(PAL)(M6)[!],AMOK,MK-81064,V1.003,SEGA SEGASATURN,SEGA ENTERPRISES,19970108,CD-1/1,JT,E
A+M+O+K v1.010 (1997)(Sega)(US)[!],AMOK,MK-81064,V1.010,SEGA SEGASATURN,SEGA ENTERPRISES,19961213,CD-1/1,JT,U
Actua Golf v1.500 (1996)(Gremlin)(PAL)(M3)[!],ACTUA GOLF,T-12302H,V1.500,SEGA SEGASATURN,SEGA TP T-123,19961024,CD-1/1,JT,E
Actua Soccer - Club Edition v1.100 (1997)(Gremlin)(PAL)[!],ACTUA SOCCER CLUB EDITION,T-12305H,V1.100,SEGA SEGASATURN,SEGA TP T-123,19970429,CD-1/1,J,E
After Burner II v1.001 (1996)(Sega)(JP)(en)[!][Sega Ages],AFTER BURNER 2,GS-9109,V1.001,SEGA SEGASATURN,SEGA ENTERPRISES,19960903,CD-1/1,JAE,JT
Airs Adventure v1.004 (1996)(Game Studio)(JP)[!],AIRSADVENTURE,T-20701G V,1.004,SEGA SEGASATURN,SEGA TP T-207,19961124,CD-1/1,JE,JT
Akumajou Dracula X - Gekka no Yasoukyoku v1.400 (1998)(Konami)(JP)[!],DRACULA-X,T-9527G,V1.400,SEGA SEGASATURN,SEGA TP T-95,19980427,CD-1/1,J,J
"Akumajou Dracula X - Gekka no Yasoukyoku v1.400 (1998)(Konami)(JP)[tr pt Silva, Rafael]",DRACULA-X,T-9527G,V1.400,SEGA SEGASATURN,SEGA TP T-95,19980427,CD-1/1,J,J
Alien Trilogy v1.000 (1996)(Acclaim)(PAL)(DE)[!],ALIEN TRILOGY,T-8113H-18,V1.000,SEGA SEGASATURN,SEGA TP T-81,19960731,CD-1/1,J,E
Alien Trilogy v1.000 (1996)(Acclaim)(PAL)(M4)[!],ALIEN TRILOGY,T-8113H-50,V1.000,SEGA SEGASATURN,SEGA TP T-81,19960729,CD-1/1,J,E
Alone in the Dark - Jack is Back v1.100 (1996)(Infogrames)(PAL)(M5)[!][T-15101HP-00738 A],ALONE IN THE DARK JACK IS BACK,T-15101H,V1.100,SEGA SEGASATURN,SEGA TP T-151,19960212,CD-1/1,J,E
Andretti Racing v1.000 (1997)(EA Sports)(PAL)[!],EA_ANDRETTI,T-5020H,V1.000,SEGA SEGASATURN,SEGA TP T-50,19961125,CD-1/1,JS,E
Aquazone - Desktop Life v1.000 (1996)(9003)(JP)[!],AQUAZONE CD-ROM,GS-9023,V1.000,SEGA SEGASATURN,SEGA TP T-240,1996-06-28,CD1/1,J,J
Arcana Strikes v1.001 (1997)(Takara)(JP)[!],ARCANE STRIKES,T-10311G,V1.001,SEGA SEGASATURN,SEGA TP T-103,19971017,CD-1/1,J,J
Area 51 v1.000 (1996)(GT Interactive)(PAL)(M4)[!],AREA 51,T-25408H,V1.000,SEGA SEGASATURN,SEGA TP T-254,19961231,CD-1/1,JG,E
Asteroids Terra (2019-03-22)(Nova32 Animation Studios)(MX)(en),JO ENGINE,(unknown),V1.000,SEGA SEGASATURN,JO-ENGINE,20150923,CD-1/1,J,JTUE
Athlete Kings v1.001 (1996)(Sega)(PAL)[!],ATHLETE KINGS,MK-81115,V1.001,SEGA SEGASATURN,SEGA ENTERPRISES,19960719,CD-1/1,J,E
Atlantis - The Lost Tales v1.200 (1998)(Sega)(PAL)(M3)(Disc 1 of 2)[!],ATLANTIS CD1,MK-8109150,V1.200,SEGA SEGASATURN,SEGA ENTERPRISES,19980203,CD-1/2,J,E
Atlantis - The Lost Tales v1.200 (1998)(Sega)(PAL)(M3)(Disc 2 of 2)[!],ATLANTIS CD2,MK-8109150,V1.200,SEGA SEGASATURN,SEGA ENTERPRISES,19980203,CD-2/2,J,E
Baku Baku Animal - Sekai Shiiku Gakari Senshuken v1.001 (1995)(Sega)(JP)[!],BAKUBAKU ANIMAL,GS-9040,V1.000,SEGA SEGASATURN,SEGA ENTERPRISES,19951110,CD-1/1,J,JT
Baku Baku v1.001 (1996)(Sega)(PAL)[!],BAKU BAKU ANIMAL,MK-81501,V1.001,SEGA SEGASATURN,SEGA ENTERPRISES,19960514,CD-1/1,J,E
Battle Arena Toshinden Remix v1.000 (1996)(Sega)(PAL)[!],Battle Arena Toshinden Remix,MK-81029V1,0,SEGA SEGASATURN,SEGA ENTERPRISES,19960226,CD-1/1,J,E
Battle Monsters v1.000 (1996)(Acclaim)(PAL)[!],BATTLE MONSTERS,T-8137H-50,V1.000,SEGA SEGASATURN,SEGA TP T-81,19960805,CD-1/1,J,E
Bio Hazard v1.002 (1997)(Capcom)(JP)[!],BIO HAZARD,T-1219G,V1.002,SEGA SEGASATURN,SEGA TP T-12,19970624,CD-1/1,J,J
Black Dawn v1.000 (1997)(Virgin)(PAL)[!],BLACKDAWN,T-7027H-50,V1.000,SEGA SEGASATURN,SEGA TP T-70,19970218,CD-1/1,JAT,E
Blam! -Machinehead v1.000 (1996)(Eidos)(PAL)(DE)[!],BLAM!           MACHINEHEAD,T-11505H50,V1.000,SEGA SEGASATURN,SEGA TP T-115,19960830,CD-1/1,J,E
Blam! -Machinehead v1.000 (1996)(Eidos)(PAL)[!],BLAM!           MACHINEHEAD,T-11505H50,V1.000,SEGA SEGASATURN,SEGA TP T-115,19960830,CD-1/1,J,E
Blast Chamber v1.000 (1996)(Activision)(PAL)(M5)[!],BLAST CHAMBER!,T-13003H50,V1.000,SEGA SEGASATURN,SEGA TP T-130,19961217,CD-1/1,JAT,E
Blast Chamber v1.000 (1996)(Activision)(US)[!],BLAST CHAMBER!,T-13003H,V1.000,SEGA SEGASATURN,SEGA TP T-130,19961126,CD-1/1,JAT,U
Blazing Dragons v1.000 (1996)(Crystal Dynamics)(PAL)(DE)[!],BLAZING DRAGONS,T-15913H18,V1.000,SEGA SEGASATURN,SEGA TP T-159,19960719,CD-1/1,J,E
Blazing Dragons v1.000 (1996)(Mindscape)(US)[!],BLAZING DRAGONS,T-15907H,V1.000,SEGA SEGASATURN,SEGA TP T-159,19960719,CD-1/1,J,U
Bootleg Sampler v1.000 (1996)(Sega)(PAL)[!][MK-81031P-00606 H],BOOTLEG SAMPLER,MK-81031 V,1,SEGA SEGASATURN,SEGA ENTERPRISES,19951107,CD-1/1,J,E
Brain Dead 13 v1.000 (1996)(Coconuts Japan)(JP)[!],BRAINDEAD_13,T-7305G,V1.000,SEGA SEGASATURN,SEGA TP T-73,19960823,CD-1/1,JT,J
Brain Dead 13 v1.000 (1996)(ReadySoft)(US)[!],BRAINDEAD_13,T-12103H,V1.000,SEGA SEGASATURN,SEGA TP T-121,19960819,CD-1/1,JT,U
Break Point v1.001 (1996)(Ocean)(PAL)(en-fr)[!],BREAK POINT,T-16408H,V1.001,SEGA SEGASATURN,SEGA TP T-164,19961028,CD-1/1,JT,E
Bubble Bobble also featuring Rainbow Islands v1.000 (1996)(Acclaim)(PAL)[!],BUBBLE BOBBLE,T-8131H-50,V1.000,SEGA SEGASATURN,SEGA TP T-81,19960812,CD-1/1,J,E
Bug Too! v1.000 (1997)(SegaSoft)(PAL)[!],BUG TOO!,MK-81040,V1.000,SEGA SEGASATURN,SEGA ENTERPRISES,19970217,CD-1/1,J,E
Bug! v1.019 (1995)(Sega)(PAL)[!],BUG,MK-81004,V1.019,SEGA SEGASATURN,SEGA ENTERPRISES,19950627,CD-1/1,J,E
Burning Rangers v1.003 (1998)(Sega)(JP)[!],BURNING RANGERS,GS-9174,V1.003,SEGA SEGASATURN,SEGA ENTERPRISES,19980127,CD-1/1,JE,JT
Bust-A-Move 2 - Arcade Edition v1.000 (1996)(Acclaim)(PAL)[!],BUST A MOVE 2,T-8132H-50,V1.000,SEGA SEGASATURN,SEGA TP T-81,19960726,CD-1/1,J,E
Bust-A-Move 3 v1.000 (1997)(Acclaim)(PAL)[!],BUST_A_MOVE_3,T-8155H-50,V1.000,SEGA SEGASATURN,SEGA TP T-81,19970924,CD-1/1,J,E
Can Can Bunny Premiere v1.002 (1996)(KID)(JP)[!],CAN CAN BUNNY PREMIERE,T-19701G,V1.002,SEGA SEGASATURN,SEGA TP T-197,19960225,CD-1/1,JM,J
Capcom Generation - Dai 1 Shuu Gekitsui-ou no Jidai v1.002 (1998)(Capcom)(JP)[!][compilation],CAPCOM GENERATION VOL.1,T-1232G,V1.002,SEGA SEGASATURN,SEGA TP T-12,19980627,CD-1/1,J,J
Capcom Generation - Dai 3 Shuu Koko ni Rekishi Hajimaru v1.001 (1998)(Capcom)(JP)[!][compilation],CAPCOM GENERATION VOL.3,T-1234G,V1.001,SEGA SEGASATURN,SEGA TP T-12,19980901,CD-1/1,J,J
Capcom Generation - Dai 4 Shuu Kokou no Eiyuu v1.000 (1998)(Capcom)(JP)[!][compilation],CAPCOM GENERATION VOL.4,T-1235G,V1.000,SEGA SEGASATURN,SEGA TP T-12,19980916,CD-1/1,JT,J
Casper v1.003 (1996)(Interplay)(PAL)(M3)[!],CASPER,12512H-50,V1.003,SEGA SEGASATURN,SEGA TP T-125,19960610,CD-1/1,JA,E
Casper v1.003 (1996)(Interplay)(US)[!],CASPER,12512H,V1.003,SEGA SEGASATURN,SEGA TP T-125,19960610,CD-1/1,JA,U
Center Ring Boxing v1.02U (1995)(JVC)(US)[!],THE KING OF BOXING/CENTER RING BOXING,T-6005H,V1.02U,SEGA SEGASATURN,SEGA TP T-60,19950929,CD-1/1,J,U
Chaos Control v1.100 (1996)(Infogrames)(PAL)(M3)[!],CHAOS CONTROL,T-15102H,V1.100,SEGA SEGASATURN,SEGA TP T-151,19960507,CD-1/1,JMG,E
Christmas Nights Into Dreams... v1.000 (1996)(Sega)(PAL)[!],Christmas NiGHTS,610-6483,V1.000,SEGA SEGASATURN,SEGA ENTERPRISES,19961029,CD-1/1,EJ,E
Clockwork Knight - Pepperouchau no Daibouken Gekan v1.001 (1995)(Sega)(JP)[!],CLOCKWORK KNIGHT Pepperouchau's Adventure volume 2                                                         06:51,GS-9029,V1.001,SEGA SEGASATURN,SEGA ENTERPRISES,19950705,CD-1/1,J,JT
Clockwork Knight 2 v1.001 (1995)(Sega)(PAL)[!],CLOCKWORK KNIGHT Pepperouchau's Adventure 2                                                                10:00,MK-81021,V1.001,SEGA SEGASATURN,SEGA ENTERPRISES,19950908,CD-1/1,J,E
Clockwork Knight v1.000 (1995)(Sega)(PAL)[!],CLOCKWORK KNIGHT Pepperouchau's Adventure volume 1 / PAL version                                           15:06,MK-81007,V1.000,SEGA SEGASATURN,SEGA ENTERPRISES,19950405,CD-1/1,J,E
Clockwork Knight v1.002 (1995)(Sega)(US)[!][1008681007 6-95 5SA1],CLOCKWORK KNIGHT Pepperouchau's Adventure volume 1 / USA version                                           11:31,MK-81007,V1.002,SEGA SEGASATURN,SEGA ENTERPRISES,19950328,CD-1/1,J,UT
College Slam v1.000 (1996)(Acclaim)(US)[!],COLLEGE SLAM,T-8111H,V1.000,SEGA SEGASATURN,SEGA TP T-81,19960127,CD-1/1,J,U
Command & Conquer - Teil 1 - Der Tiberiumkonflikt v1.000 (1996)(Virgin)(PAL)(DE)(Disc 1 of 2)[!][GDI],COMMAND AND CONQUER,T-7028H-18,V1.000,SEGA SEGASATURN,SEGA TP T-70,19961028,CD-1/2,J,E
Command & Conquer - Teil 1 - Der Tiberiumkonflikt v1.000 (1996)(Virgin)(PAL)(DE)(Disc 2 of 2)[!][NOD],COMMAND AND CONQUER,T-7028H-18,V1.000,SEGA SEGASATURN,SEGA TP T-70,19961028,CD-2/2,J,E
Command & Conquer v1.000 (1996)(Virgin)(PAL)(M3)(Disc 1 of 2)[!][GDI],COMMAND AND CONQUER,T-7028H-50,V1.000,SEGA SEGASATURN,SEGA TP T-70,19961028,CD-1/2,J,E
Command & Conquer v1.000 (1996)(Virgin)(PAL)(M3)(Disc 2 of 2)[!][NOD],COMMAND AND CONQUER,T-7028H-50,V1.000,SEGA SEGASATURN,SEGA TP T-70,19961028,CD-2/2,J,E
"Conveni, The - Ano Machi o Dokusen Seyo v1.001 (1997)(Human)(JP)[!]",CONVI_STORE,T-4310G,V1.001,SEGA SEGASATURN,SEGA TP T-43,19970214,CD-1/1,J,J
Core Demo Disc v1.000 (1997)(Core)(PAL)[!][aka Saturn Power No. 1],CORE DEMO VOL. 2,610-6576,V1.000,SEGA SEGASATURN,SEGA TP T-115,19970314,CD-1/1,J,E
Crimewave v1.000 (1997)(Eidos)(PAL)(M5)[!],CRIMEWAVE,T-8807H,V1.000,SEGA SEGASATURN,SEGA TP T-88,19961106,CD-1/1,JS,E
Crimewave v1.000 (demo) (1996)(Eidos)(PAL)[!],CRIMEWAVE DEMO,610-6455,V1.000,SEGA SEGASATURN,SEGA TP T-88,19961028,CD-1/1,JST,E
Criticom v1.000 (1996)(Vic Tokai)(US)[!],CRITICOM,T-2302H,V1.000,SEGA SEGASATURN,SEGA TP T-23,19960320,CD-1/1,J,U
Croc - Legend of the Gobbos v1.000 (1997)(Fox)(PAL)[!],CROC         LEGEND OF THE     GOBBOS,T-5029H-50,V1.000,SEGA SEGASATURN,SEGA TP T-161,19970917,CD-1/1,JAT,E
Crusader - No Remorse v1.000 (1997)(Origin)(PAL)[!],CRUSADER,T-5014H,V1.000,SEGA SEGASATURN,SEGA TP T-50,19961203,CD-1/1,J,E
Crypt Killer v1.001 (1997)(Konami)(PAL)[!],CRYPT KILLER,T-9509H-50,V1.001,SEGA SEGASATURN,SEGA TP T-95,19970131,CD-1/1,JAM,E
Cyber Doll v1.400 (1996)(I'MAX)(JP)[!],CYBER DOLL,T-22401G,V1.400,SEGA SEGASATURN,SEGA TP T-224,19960620,CD-1/1,J,J
Cyber Speedway v1.000 (1995)(Sega)(PAL)[!],CYBER SPEEDWAY,MK-81205 V,1,SEGA SEGASATURN,SEGA ENTERPRISES,19950925,CD-1/1,JS,E
Cyber Speedway v1.004 (1995)(Sega)(US)[!],Cyber Speedway,MK-81204V1,0.004,SEGA SEGASATURN,SEGA ENTERPRISES,19950804,CD-1/1,JS,UT
Cyberia v1.000 (1995)(Interplay)(US)(M3)[!],CYBERIA,T-12508H,V1.000,SEGA SEGASATURN,SEGA TP T-125,19951221,CD-1/1,JMA,TU
Cyberia v1.000 (1996)(Interplay)(PAL)(M3)[!],CYBERIA,T-12508H,V1.000,SEGA SEGASATURN,SEGA TP T-125,19960327,CD-1/1,JMA,E
D no Shokutaku v1.000 (1995)(Acclaim)(JP)(Disc 1 of 2)[!],D,T-8101G  V,1,SEGA SEGASATURN,SEGA TP T-81,19950706,CD-1/2,J,JT
D no Shokutaku v1.000 (1995)(Acclaim)(JP)(Disc 2 of 2)[!],D,T-8101G  V,1,SEGA SEGASATURN,SEGA TP T-81,19950706,CD-1/2,J,JT
D v1.000 (1995)(Acclaim)(PAL)(DE)(Disc 1 of 2)[!],D,T-8106H-50,V1.000,SEGA SEGASATURN,SEGA TP T-81,19951129,CD-1/2,J,E
D v1.000 (1995)(Acclaim)(PAL)(DE)(Disc 2 of 2)[!],D,T-8106H-50,V1.000,SEGA SEGASATURN,SEGA TP T-81,19951129,CD-2/2,J,E
D v1.000 (1995)(Acclaim)(PAL)(Disc 1 of 2)[!],D,T-8106H-50,V1.000,SEGA SEGASATURN,SEGA TP T-81,19951128,CD-1/2,J,E
D v1.000 (1995)(Acclaim)(PAL)(Disc 2 of 2)[!],D,T-8106H-50,V1.000,SEGA SEGASATURN,SEGA TP T-81,19951128,CD-2/2,J,E
D v1.000 (1996)(Acclaim)(US)(Disc 2 of 2)[!],D,T-8106H,V1.000,SEGA SEGASATURN,SEGA TP T-81,19951216,CD-2/2,J,U
"Darius Gaiden v1.001 (1995)(Taito)(JP)(en)[!][T-1102GP-00592 2MB2, 2MM1]",DARIUS GAIDEN,T-1102G,V1.001,SEGA SEGASATURN,SEGA TP T-11,19951110,CD-1/1,J,JT
Darius II v1.000 (1996)(Sega)(PAL)[!],DARIUS2,MK-81085,V1.000,SEGA SEGASATURN,SEGA ENTERPRISES,19960829,CD-1/1,J,E
Dark Legend v1.002 (1995)(Data East)(US)[!],U:DARK LEGEND                                   J:SUIKO ENBU,T-1305H,V1.002,SEGA SEGASATURN,SEGA TP T-13,19951002,CD-1/1,J,U
Dark Savior v1.000 (1997)(Sega)(PAL)[!],DARK SAVIOR,MK-81304,V1.000,SEGA SEGASATURN,SEGA ENTERPRISES,19961216,CD-1/1,JAE,E
Darklight Conflict v1.000 (1997)(Electronic Arts)(PAL)(M6)[!],DARK LIGHT      CONFLICT,T-5022H,V1.000,SEGA SEGASATURN,SEGA TP T-50,19970906,CD-1/1,JA,E
Darkseed v1.001 (1995)(GAGA)(JP)[!],DARK SEED,T-18501G,V1.001,SEGA SEGASATURN,SEGA TP T-185,19950530,CD-1/1,JM,J
Daytona USA - Championship Circuit Edition v1.001 (1996)(Sega)(US)[!][SATURN81213 P1H],DAYTONA USA CHAMPIONSHIP CIRCUIT EDITION,MK-81213,V1.001,SEGA SEGASATURN,SEGA ENTERPRISES,19961101,CD-1/1,JSE,U
Daytona USA - Championship Circuit Edition v1.006 (1996)(Sega)(PAL)[!],DAYTONA USA CHAMPIONSHIP CIRCUIT EDITION,MK-81213,V1.006,SEGA SEGASATURN,SEGA ENTERPRISES,19961020,CD-1/1,JSE,E
Daytona USA - Circuit Edition v1.001 (1997)(Sega)(JP)(en)[!],DAYTONA USA CIRCUIT EDITION,GS-9100,V1.001,SEGA SEGASATURN,SEGA ENTERPRISES,19961204,CD-1/1,JSECDX,JT
Daytona USA v1.000 (1995)(Sega)(JP)(en)[!],DAYTONA USA,GS-9013,V1.000,SEGA SEGASATURN,SEGA ENTERPRISES,19950301,CD-1/1,JS,JT
Daytona USA v1.000 (1995)(Sega)(PAL)[!][MK-81200P-00338 B],DAYTONA USA,MK_8120050,V1.000,SEGA SEGASATURN,SEGA ENTERPRISES,19950501,CD-1/1,JS,E
Daytona USA v1.000 (1995)(Sega)(PAL)[!][MK-81200P-338 5-95 1SB1],DAYTONA USA,MK_8120050,V1.000,SEGA SEGASATURN,SEGA ENTERPRISES,19950501,CD-1/1,JS,E
Daytona USA v1.000 (1995)(Sega)(PAL)[!][MK-81200P-338],DAYTONA USA,MK_8120050,V1.000,SEGA SEGASATURN,SEGA ENTERPRISES,19950501,CD-1/1,JS,E
Daytona USA v1.000 (1995)(Sega)(US)[!][1008681200],DAYTONA USA,MK-81200,V1.000,SEGA SEGASATURN,SEGA ENTERPRISES,19950317,CD-1/1,JS,BKUT
"Dead or Alive v1.001 (1997)(Tecmo)(JP)[!][T-3603GP-01863 2M5, 2MM1]",DEAD OR ALIVE,T-3603G,V1.001,SEGA SEGASATURN,SEGA TP T-36,19970910,CD-1/1,J,J
Decathlete v1.000 (1996)(Sega)(US)[!],DECATHLETE,MK-81115,V1.000,SEGA SEGASATURN,SEGA ENTERPRISES,19960611,CD-1/1,J,UTJ
"DecAthlete v1.001 (1996)(Sega)(JP)[!][GS-9096P-00915 1A5, 2MM1]",DECATHLETE,GS-9096,V1.001,SEGA SEGASATURN,SEGA ENTERPRISES,19960607,CD-1/1,J,JT
Deep Fear v1.001 (1998)(Sega)(PAL)(Disc 1 of 2)[!],DEEP FEAR,MK-81804,V1.001,SEGA SEGASATURN,SEGA ENTERPRISES,19980713,CD-1/2,JE,E
Deep Fear v1.001 (1998)(Sega)(PAL)(Disc 2 of 2)[!],DEEP FEAR,MK-81804,V1.001,SEGA SEGASATURN,SEGA ENTERPRISES,19980713,CD-2/2,JE,E
Deep Fear v1.017 (1998)(Sega)(JP)(Disc 1 of 2)[!],DEEP FEAR,GS-9189,V1.017,SEGA SEGASATURN,SEGA ENTERPRISES,19980610,CD-1/2,JE,JT
Deep Fear v1.017 (1998)(Sega)(JP)(Disc 2 of 2)[!],DEEP FEAR,GS-9189,V1.017,SEGA SEGASATURN,SEGA ENTERPRISES,19980610,CD-2/2,JE,JT
Defcon 5 v1.000 (1995)(Data East)(US)[!],DEFCON 5,T-1301G,V1.000,SEGA SEGASATURN,SEGA TP T-13,19951221,CD-1/1,J,U
"Dennou Senki - Virtual On - Cyber Troopers v1.000 (1996)(Sega)(JP)(en)[!][GS-9099P-01150-P1K, P2K]",VIRTUAL-ON,GS-9099,V1.000,SEGA SEGASATURN,SEGA ENTERPRISES,19961018,CD-1/1,J,JT
Dennou Senki - Virtual On - Cyber Troopers v1.003 (1996)(Sega)(JP)(en)[!][GS-9099P-01150A-P1K],VIRTUAL-ON,GS-9099,V1.003,SEGA SEGASATURN,SEGA ENTERPRISES,19970116,CD-1/1,J,JT
Densetsu no Ogre Battle - Ogre Battle Saga Episode Five - The March of the Black Queen v1.001 (1996)(Riverhill Soft)(JP)[!],OGRE BATTLE,T-5305G,V1.001,SEGA SEGASATURN,SEGA TP T-53,19960922,CD-1/1,JC,J
Derby Analyst v1.001 (1997)(Bull's Eye)(JP)[!],DERBY ANALYST,T-20505G,V1.001,SEGA SEGASATURN,SEGA TP T-205,19970409,CD-1/1,J,J
Derby Stallion v1.001 (1999)(ASCII)(JP)[!],DERBY STALLION,T-2113G,V1.001,SEGA SEGASATURN,SEGA TP T-21,19990217,CD-1/1,J,J
Destruction Derby v2.900 (1996)(Psygnosis)(PAL)[!],DESTRUCTION     DERBY,T-11303H,V2.900,SEGA SEGASATURN,SEGA TP T-113,19960728,CD-1/1,JS,E
Detana Twinbee Yahho! Deluxe Pack v1.001 (1995)(Konami)(JP)[!][compilation],TWINBEE-YAHHO-DX,T-9505G,V1.001,SEGA SEGASATURN,SEGA TP T-95,19950817,CD-1/1,J,JT
Devil Summoner - Soul Hackers v1.002 (1997)(Atlus)(JP)(Disc 1 of 2)[!][T-14420GP-01936-P1C],DEVIL SUMMONER SOUL HACKERS,T-14420G,V1.002,SEGA SEGASATURN,SEGA TP T-144,19971015,CD-1/2,J,J
Devil Summoner - Soul Hackers v1.002 (1997)(Atlus)(JP)(Disc 2 of 2)[!],DEVIL SUMMONER SOUL HACKERS,T-14420G,V1.002,SEGA SEGASATURN,SEGA TP T-144,19971015,CD-2/2,J,J
Die Hard Arcade v1.001 (1996)(Sega)(US)[!],DIE HARD ARCADE,MK-81057,V1.001,SEGA SEGASATURN,SEGA ENTERPRISES,19961101,CD-1/1,J,U
Die Hard Arcade v1.002 (1997)(Sega)(PAL)[!],DIE HARD ARCADE,MK-81057,V1.002,SEGA SEGASATURN,SEGA ENTERPRISES,19961113,CD-1/1,J,E
Die Hard Trilogy v1.000 (1996)(Fox)(PAL)(M6)[!],Die Hard Trilogy,T-16103H,V1.000,SEGA SEGASATURN,SEGA TP T-161,19961219,CD-1/1,JGMSAE,EAL
Die Hard Trilogy v1.000 (1996)(Fox)(US)[!],Die Hard Trilogy,T-16103H,V1.000,SEGA SEGASATURN,SEGA TP T-161,19961121,CD-1/1,JGMSA,TUK
Digital Pinball - Last Gladiators v1.002 (1995)(Kaze)(JP)[!],LAST GLADIATORS,T-18901G,V1.002,SEGA SEGASATURN,SEGA TP T-189,19950428,CD-1/1,JM,JT
Digital Pinball v1.004 (1995)(Sega)(PAL)[!][MK-81680P-426 9-95 7SB4],DIGITAL PINBALL,MK-81680,V1.004,SEGA SEGASATURN,SEGA ENTERPRISES,19950724,CD-1/1,JM,E
Discworld II - Missing Presumed...! v1.007 (1997)(Sega)(PAL)(M5)[!],DISCWORLD 2,MK-81093,V1.007,SEGA SEGASATURN,SEGA ENTERPRISES,19970710,CD-1/1,J,E
DonPachi v1.400 (1996)(Atlus)(JP)[!],DONPACHI-SS,T-14405G,V1.400,SEGA SEGASATURN,SEGA TP T-144,19960321,CD-1/1,J,J
Doom v1.004 (1996)(GT Interactive)(PAL)[!],DOOM,T-25406H50,V1.004,SEGA SEGASATURN,SEGA TP T-254,19961120,CD-1/1,JAMT,E
Double Switch v1.000 (1995)(Digital Pictures)(US)(Disc 1 of 2)[!],Double Switch SATURN,T-16207H,V1.000,SEGA SEGASATURN,SEGA TP T-162,19951026,CD-1/2,J,U
Double Switch v1.000 (1995)(Digital Pictures)(US)(Disc 2 of 2)[!],Double Switch SATURN,T-16207H,V1.000,SEGA SEGASATURN,SEGA TP T-162,19951026,CD-2/2,J,U
"Doukyuusei - if v1.001 (1996)(NEC InterChannel)(JP)[!][T-20102GP-00945 2M2, 2MM1]",DOUKYUUSEI IF,T-20102G,V1.001,SEGA SEGASATURN,SEGA TP T-201,19960702,CD-1/1,JM,J
"Doukyuusei - if v1.001 (1996)(NEC InterChannel)(JP)[!][T-20102GP-00945 3M2, 3MB2]",DOUKYUUSEI IF,T-20102G,V1.001,SEGA SEGASATURN,SEGA TP T-201,19960702,CD-1/1,JM,J
Dragon Force II - Kami Sarishi Daichi ni v1.006 (1998)(Sega)(JP)[tr en Verve Fanworks][v1.04],DRAGON FORCE 2,GS-9184,V1.006,SEGA SEGASATURN,SEGA ENTERPRISES,19980309,CD-1/1,J,UE
Dragon Force v1.100 (1997)(Sega)(PAL)[!],DRAGON FORCE,MK-8138250,V1.100,SEGA SEGASATURN,SEGA ENTERPRISES,19970626,CD-1/1,J,E
DragonBall Z - Idainaru Dragon Ball Densetsu v1.007 (1996)(Bandai)(JP)[!],DRAGON BALL Z IDAINARUDBDENSETU,T-13305G,V1.007,SEGA SEGASATURN,SEGA TP T-133,19960531,CD-1/1,J,J
DragonBall Z - The Legend v1.000 (1996)(Bandai)(PAL)(ES-FR)(fr)[!],DRAGON BALL Z LA GRANDE LEGENDE DES BOULES DE CRISTAL,T-13301H,V1.000,SEGA SEGASATURN,SEGA TP T-133,19961108,CD-1/1,J,E
Duke Nukem 3D v1.014 (1997)(Sega)(PAL)[!],DUKE NUK'EM,MK-81071,V1.014,SEGA SEGASATURN,SEGA ENTERPRISES,19970925,CD-1/1,EATJ,E
DX Jinsei Game - The Game of Life v1.005 (1996)(Takara)(JP)[!],DX JINSEI GAME,T-10302G,V1.005,SEGA SEGASATURN,SEGA TP T-103,19960129,CD-1/1,JT,J
DX Nippon Tokkyuu Ryokou Game - Let's Travel in Japan v1.000 (1996)(Takara)(JP)[!],DX TOKKYU RYOKOU,T-10306G,V1.000,SEGA SEGASATURN,SEGA TP T-103,19961029,CD-1/1,JT,J
Earthworm Jim 2 v1.004 (1996)(Virgin)(PAL)[!],EARTHWORM JIM 2,T-7019H-50,V1.004,SEGA SEGASATURN,SEGA TP T-70,19960912,CD-1/1,J,E
Elf o Karu Monotachi v1.001 (1997)(Altron)(JP)(Disc 1 of 2)[!],THOSE WHO HUNT ELVES,T-16605G,V1.001,SEGA SEGASATURN,SEGA TP T-166,19970317,CD-1/2,J,J
Elf o Karu Monotachi v1.001 (1997)(Altron)(JP)(Disc 2 of 2)[!][Omake],THOSE WHO HUNT ELVES OMAKE DISC,T-16605G,V1.001,SEGA SEGASATURN,SEGA TP T-166,19970317,CD-2/2,J,J
Enemy Zero v1.000 (1996)(Warp)(JP)(Disc 1 of 4)[!][Disk-0 - Opening Disk][T-30001GP-01270 2M3],ENEMY ZERO,T-30001G,V1.000,SEGA SEGASATURN,SEGA TP T-300,19961124,CD-1/4,JE,J
Enemy Zero v1.000 (1996)(Warp)(JP)(Disc 1 of 4)[!][Disk-0 - Opening Disk][T-30001GP-01270-P1K],ENEMY ZERO,T-30001G,V1.000,SEGA SEGASATURN,SEGA TP T-300,19961124,CD-1/4,JE,J
Enemy Zero v1.000 (1996)(Warp)(JP)(Disc 1 of 4)[!][Disk-0 - Opening Disk][T-30001GP-01270-P2K],ENEMY ZERO,T-30001G,V1.000,SEGA SEGASATURN,SEGA TP T-300,19961124,CD-1/4,JE,J
Enemy Zero v1.000 (1996)(Warp)(JP)(Disc 2 of 4)[!][Disk-1 - Game Disk][T-30001GP-01271-P1K],ENEMY ZERO,T-30001G,V1.000,SEGA SEGASATURN,SEGA TP T-300,19961124,CD-2/4,JE,J
Enemy Zero v1.000 (1996)(Warp)(JP)(Disc 2 of 4)[!][Disk-1 - Game Disk][T-30001GP-01271-P2K],ENEMY ZERO,T-30001G,V1.000,SEGA SEGASATURN,SEGA TP T-300,19961124,CD-2/4,JE,J
"Enemy Zero v1.000 (1996)(Warp)(JP)(Disc 3 of 4)[!][Disk-2 - Game Disk][T-30001GP-01272 2MB5, 2MM1]",ENEMY ZERO,T-30001G,V1.000,SEGA SEGASATURN,SEGA TP T-300,19961124,CD-3/4,JE,J
"Enemy Zero v1.000 (1996)(Warp)(JP)(Disc 3 of 4)[!][Disk-2 - Game Disk][T-30001GP-01272-P1C, P2C]",ENEMY ZERO,T-30001G,V1.000,SEGA SEGASATURN,SEGA TP T-300,19961124,CD-3/4,JE,J
Enemy Zero v1.000 (1996)(Warp)(JP)(Disc 4 of 4)[!][Disk-3 - Game Disk][T-30001GP-01273 1M1],ENEMY ZERO,T-30001G,V1.000,SEGA SEGASATURN,SEGA TP T-300,19961124,CD-4/4,JE,J
"Enemy Zero v1.000 (1996)(Warp)(JP)(Disc 4 of 4)[!][Disk-3 - Game Disk][T-30001GP-01273 1MM1, 4M1]",ENEMY ZERO,T-30001G,V1.000,SEGA SEGASATURN,SEGA TP T-300,19961124,CD-4/4,JE,J
Enemy Zero v1.000 (1996)(Warp)(JP)(Disc 4 of 4)[!][Disk-3 - Game Disk][T-30001GP-01273-P1K],ENEMY ZERO,T-30001G,V1.000,SEGA SEGASATURN,SEGA TP T-300,19961124,CD-4/4,JE,J
Eve Burst Error v1.000 (1996)(Imagineer)(JP)(Disc 1 of 4)[!][Kojiroh Disc],EVE burst error,T-15022G,V1.000,SEGA SEGASATURN,SEGA TP T-150,19961215,CD-1/4,J,J
Eve Burst Error v1.000 (1996)(Imagineer)(JP)(Disc 2 of 4)[!][Marina Disc],EVE burst error,T-15022G,V1.000,SEGA SEGASATURN,SEGA TP T-150,19961215,CD-2/4,J,J
Eve Burst Error v1.000 (1996)(Imagineer)(JP)(Disc 3 of 4)[!][Terror Disc],EVE burst error,T-15022G,V1.001,SEGA SEGASATURN,SEGA TP T-150,19961219,CD-3/4,J,J
Eve Burst Error v1.000 (1996)(Imagineer)(JP)(Disc 4 of 4)[!][Making Disc],EVE burst error,T-15022G,V1.000,SEGA SEGASATURN,SEGA TP T-150,19961213,CD-4/4,J,J
Exhumed v1.000 (1996)(BMG Interactive)(PAL)(M4)[!],EXHUMED,MK-81084,V1.000,SEGA SEGASATURN,SEGA ENTERPRISES,19960726,CD-1/1,J,E
F-1 Challenge v0.950 (1995)(Sega)(PAL)[!],F1 Challenge,MK-81206,V0.950,SEGA SEGASATURN,SEGA ENTERPRISES,19951227,CD-1/1,JS,E
F1 Challenge v1.000 (1996)(Sega - Virgin)(US)[!],F1 Challenge,MK-81206,V1.000,SEGA SEGASATURN,SEGA ENTERPRISES,19960124,CD-1/1,JS,U
F-1 Live Information v1.009 (1995)(Sega)(JP)[!],F1LiveInformation,GS-9035,V1.009,SEGA SEGASATURN,SEGA ENTERPRISES,19951009,CD-1/1,JS,JT
FIFA - Road to World Cup 98 v1.000 (1997)(Electronic Arts)(PAL)(M7)[!][T-5025HP-15005],FIFA - ROAD TO  WORLD CUP 98,T-5025H-50,V1.000,SEGA SEGASATURN,SEGA TP 69,19971128,CD-1/1,JT,E
FIFA - Road to World Cup 98 v1.000 (1997)(Electronic Arts)(US)(M7)[!],FIFA - ROAD TO  WORLD CUP 98,T-5025H,V1.000,SEGA SEGASATURN,SEGA TP 69,19971128,CD-1/1,JT,U
FIFA 97 v1.000 (1997)(Electronic Arts)(PAL)(M6)[!],FIFA 97,T-5017H,V1.000,SEGA SEGASATURN,SEGA TP 69,19970216,CD-1/1,J,E
FIFA Soccer 96 v1.000 (1995)(Electronic Arts)(PAL)(M6)[!],FIFA SOCCER '96,T-5003H,V1.000,SEGA SEGASATURN,SEGA TP T-500,19951201,CD-1/1,J,E
Fighters Megamix v1.001 (1996)(Sega)(JP)[!][GS-9126P-01302-P1K],FIGHTERS MEGAMIX,GS-9126,V1.001,SEGA SEGASATURN,SEGA ENTERPRISES,19961209,CD-1/1,J,J
Fighters Megamix v1.001 (1996)(Sega)(JP)[!][GS-9126P-01302-P2K],FIGHTERS MEGAMIX,GS-9126,V1.001,SEGA SEGASATURN,SEGA ENTERPRISES,19961209,CD-1/1,J,J
Fighters Megamix v1.002 (1997)(Sega)(PAL)[!],FIGHTERS MEGAMIX,MK-81073,V1.002,SEGA SEGASATURN,SEGA ENTERPRISES,19970407,CD-1/1,J,E
Fighters Megamix v1.004 (1997)(Sega)(US)[!],FIGHTERS MEGAMIX,MK-81073,V1.004,SEGA SEGASATURN,SEGA ENTERPRISES,19970418,CD-1/1,J,U
Fighting Vipers v1.000 (1996)(Sega)(PAL)[!],FIGHTING VIPERS,MK-81041,V1.000,SEGA SEGASATURN,SEGA ENTERPRISES,19960920,CD-1/1,J,E
Fighting Vipers v1.010 (1996)(Sega)(JP)[!][GS-9101P-01012A-P1C],FIGHTING VIPERS,GS-9101,V1.010,SEGA SEGASATURN,SEGA ENTERPRISES,19960818,CD-1/1,J,J
Fighting Vipers v1.010 (1996)(Sega)(JP)[!][GS-9101P-01012A-P3C],FIGHTING VIPERS,GS-9101,V1.010,SEGA SEGASATURN,SEGA ENTERPRISES,19960818,CD-1/1,J,J
Fighting Vipers v2.000 (1996)(Sega)(US)[!],FIGHTING VIPERS,MK-81041,V2.000,SEGA SEGASATURN,SEGA ENTERPRISES,19961011,CD-1/1,J,U
Fire Prowrestling S - 6Men Scramble v1.005 (1997)(Human)(JP)[!],FIRE PROWRESTLING S 6MEN SCRAMBLE,T-4308G,V1.005,SEGA SEGASATURN,SEGA TP T-43,19961125,CD-1/1,JT,J
Firestorm - Thunderhawk 2 v1.000 (1995)(Core)(PAL)(en-fr)[!][T11501HP574 P3H],E:FIRESTORM THUNDERHAWK 2  J:THUNDERHAWK 2 U:THUNDERSTRIKE 2,T-11501H00,V1.000,SEGA SEGASATURN,SEGA TP T-115,19951108,CD-1/1,J,E
Formula Grand Prix - Team Un'ei Simulation v1.001 (1997)(Coconuts Japan)(JP)[!],FORMULA GRAND PRIX,T-7309G,V1.001,SEGA SEGASATURN,SEGA TP T-73,19971008,CD-1/1,J,J
Formula Karts - Special Edition v1.000 (1997)(Manic Media Productions - Sega)(PAL)(M4)[!],FORMULA KARTS,MK-81282,V1.000,SEGA SEGASATURN,SEGA ENTERPRISES,19971007,CD-1/1,JAS,E
Frankenstein - Through the Eyes of the Monster v1.200 (1997)(Interplay)(PAL)[!],FRANKENSTEIN THROUGH THE EYES OFTHE MONSTER,T-12511H,V1.200,SEGA SEGASATURN,SEGA TP T-125,19970611,CD-1/1,JAT,E
From TV Animation SlamDunk - I Love Basketball v1.000 (1995)(Bandai)(JP)[!],SLAM DUNK,T-13301G,V1.000,SEGA SEGASATURN,SEGA TP T-133,19950713,CD-1/1,J,J
Gakkou no Kaidan v1.000 (1995)(Sega)(JP)[!][GS-9026P-00362-P3K],GAKKOU NO KWAIDAN,GS-9026,V1.000,SEGA SEGASATURN,SEGA ENTERPRISES,19950518,CD-1/1,JM,J
Gakkou no Kowai Uwasa - Hanako-san ga Kita!! v1.002 (1995)(Capcom)(JP)[!],HANAKOSANGA KITA,T-1205G,V1.002,SEGA SEGASATURN,SEGA TP T-12,19950710,CD-1/1,J,J
Galactic Attack v1.000 (1996)(Acclaim)(PAL)[!],GALACTIC ATTACK,T-8116H-50,V1.000,SEGA SEGASATURN,SEGA TP T-81,19951027,CD-1/1,J,E
Galactic Attack v1.000 (1996)(Acclaim)(US)[!],GALACTIC ATTACK,T-8116H,V1.000,SEGA SEGASATURN,SEGA TP T-81,19951024,CD-1/1,J,U
"Gale Racer v1.000 (1994)(Sega)(JP)[!][GS-9003P-00269 1A1, 1A4]",GALE RACER,GS-9003,V1.000,SEGA SEGASATURN,SEGA ENTERPRISES,19941109,CD-1/1,JAS,JT
"Gale Racer v1.000 (1994)(Sega)(JP)[!][GS-9003P-00269 2A2, 2A4]",GALE RACER,GS-9003,V1.000,SEGA SEGASATURN,SEGA ENTERPRISES,19941109,CD-1/1,JAS,JT
Gekka Mugentan Torico v1.000 (1996)(Sega)(JP)(Disc 1 of 2)[!],GEKKAMUGENTAN,GS-9056,V1.000,SEGA SEGASATURN,SEGA ENTERPRISES,19960520,CD-1/2,J,J
Gekka Mugentan Torico v1.000 (1996)(Sega)(JP)(Disc 2 of 2)[!][GS-9056P-00884 1M1],GEKKAMUGENTAN,GS-9056,V1.000,SEGA SEGASATURN,SEGA ENTERPRISES,19960520,CD-2/2,J,J
Ghen War v1.000 (1996)(Virgin)(PAL)[!],GHEN WAR,T-7010H-50,V1.000,SEGA SEGASATURN,SEGA TP T-070,19960228,CD-1/1,J,E
Gokujou Parodius Da! - Deluxe Pack v1.001 (1995)(Konami)(JP)[!][compilation],GOKUJOU PARODIUS,T-9501G,V1.001,SEGA SEGASATURN,SEGA TP T-95,19950408,CD-1/1,J,JT
Golden Axe - The Duel v1.000 (1996)(Sega)(PAL)[!],GOLDEN AXE THE DUEL,MK-81045,V1.000,SEGA SEGASATURN,SEGA ENTERPRISES,19960201,CD-1/1,J,E
Gradius Deluxe Pack v2.000 (1996)(Konami)(JP)[!][compilation],GRADIUS-DP,T-9509G,V2.000,SEGA SEGASATURN,SEGA TP T-95,19960222,CD-1/1,J,JT
Gran Chaser v1.000 (1995)(Sega)(JP)[!],GRAN CHASER,GS-9022 V1,0,SEGA SEGASATURN,SEGA ENTERPRISES,19950423,CD-1/1,JS,JT
"Grandia v1.004 (1997)(ESP - Game Arts)(JP)(Disc 2 of 2)[!][T-4507GP-02009 1M2, 1MM1, 2M2, 2M3, 2MD2]",GRANDIA,T-4507G,V1.004,SEGA SEGASATURN,SEGA TP T-45,19971117,CD-2/2,J,J
Greatest Nine '96 v1.013 (1996)(Sega)(JP)[!][GS-9086P-00922 1M2],GREATEST NINE'96,GS-9086,V1.013,SEGA SEGASATURN,SEGA ENTERPRISES,19960619,CD-1/1,JE,J
Greatest Nine '96 v1.013 (1996)(Sega)(JP)[!][GS-9086P-00922 2MB1],GREATEST NINE'96,GS-9086,V1.013,SEGA SEGASATURN,SEGA ENTERPRISES,19960619,CD-1/1,JE,J
Gremlin Interactive Demo Disc v1.002 (1997)(Gremlin)(PAL)[!][aka Saturn Power No. 2],GREMLIN DEMO,T-12313H,V1.002,SEGA SEGASATURN,SEGA TP T-123,19970423,CD-1/1,J,E
Grid Run v1.000 (1996)(Virgin)(PAL)[!],Gridrunner,T-7016H-50,V1.000,SEGA SEGASATURN,SEGA TP T-70,19960920,CD-1/1,JAT,E
Grid Runner v1.000 (1996)(Virgin)(US)[!],Gridrunner,T-7025H,V1.000,SEGA SEGASATURN,SEGA TP T-70,19960906,CD-1/1,JAT,U
GT 24 v1.003 (1998)(Jaleco)(JP)[!],GT24,T-5714G,V1.003,SEGA SEGASATURN,SEGA TP T-57,19980407,CD-1/1,JSE,J
Guardian Heroes v1.000 (1996)(Sega)(PAL)[!],GUARDIANHEROES,MK-81035,V1.000,SEGA SEGASATURN,SEGA ENTERPRISES,19960423,CD-1/1,JT,E
Gun Griffon v1.00 (1996)(Sega)(PAL)[!],GUNGRIFFON - THE EURASIAN CONFLICT -,MK-81046,V1.00,SEGA SEGASATURN,SEGA ENTEPRISES,19960524,CD-1/1,J,E
Gunbird v1.01J (1995)(Atlus)(JP)[!],GUNBIRD,T-14402G,V1.01J,SEGA SEGASATURN,SEGA TP T-144,19951010,CD-1/1,J,J
"Gungriffon - The Eurasian Conflict v1.01 (1996)(Game Arts)(JP)[!][T-4502GP-00698 1M3, 1M4, 1M7, 1MB4]",GUNGRIFFON - THE EURASIAN CONFLICT -,T-4502G,V1.01,SEGA SEGASATURN,SEGA TP T-45,19960131,CD-1/1,JP,J
Hang On GP '96 v1.000 (1995)(Sega)(PAL)[!],HANGON GP,MK-81202,V1.000,SEGA SEGASATURN,SEGA ENTERPRISES,19951228,CD-1/1,JST,E
Hardcore 4x4 v1.001 (1996)(Gremlin)(PAL)(M3)[!],HARDCORE 4X4,T-12303H,V1.001,SEGA SEGASATURN,SEGA TP T-123,19961015,CD-1/1,JAST,E
HatTrick Hero S v1.001 (1995)(Taito)(JP)(en)[!],HAT TRICK HERO S,T-1102G,V1.001,SEGA SEGASATURN,SEGA TP T-11,19951026,CD-1/1,J,JT
Hexen v1.002 (1997)(GT Interactive)(PAL)[!],HEXEN,T-25405H50,V1.002,SEGA SEGASATURN,SEGA TP T-254,19970212,CD-1/1,JAT,E
Hideo Nomo World Series Baseball v1.010 (1995)(Sega)(JP)(en)[!],World Series     BASEBALL,GS-9061,V1.010,SEGA SEGASATURN,SEGA ENTERPRISES,19950921,CD-1/1,J,J
High Velocity - Mountain Racing Challenge v1.002 (1995)(Atlus)(US)[!],High Velocity,T-14402H,V1.002,SEGA SEGASATURN,SEGA TP T-144,19951006,CD-1/1,JS,U
Hi-Octane v1.000 (1995)(Electronic Arts)(PAL)(M4)[!],HIOCTANE,T-5002H,V1.000,SEGA SEGASATURN,SEGA TP T-500,19951030,CD-1/1,J,E
Hop Step Idol v1.002 (1997)(Media Entertainment)(JP)[!],HOPSTEP IDOLE,T-20507G,V1.002,SEGA SEGASATURN,SEGA TP T-205,19971103,CD-1/1,J,J
"House of the Dead, The v1.001 (1998)(Sega)(PAL)[!]",THE HOUSE OF THE DEAD,MK-81802,V1.001,SEGA SEGASATURN,SEGA ENTERPRISES,19980311,CD-1/1,JEG,E
In the Hunt v1.000 (1996)(Kokopeli)(PAL)[!],IN THE HUNT,T-10001G,V1.000,SEGA SEGASATURN,SEGA TP T-100,19960411,CD-1/1,J,E
Independence Day - The Game v1.000 (1997)(Electronic Arts - Fox)(PAL)(M6)[!],INDEPENDENCE DAY,T-16104H,V1.000,SEGA SEGASATURN,SEGA TP T-161,19970522,CD-1/1,J,E
International Victory Goal v1.005 (1995)(Sega)(PAL)[!],SEGA            INTERNATIONAL   VICTORY GOAL,MK-81105,V1.005,SEGA SEGASATURN,SEGA ENTERPRISES,19950411,CD-1/1,J,E
Ippatsu Gyakuten - Gambling King e no Michi v1.100 (1996)(BMG Interactive)(JP)[!],IPPATSU GYAKUTEN,T-29602G,V1.100,SEGA SEGASATURN,SEGA TP T-296,19960416,CD-1/1,J,J
Iron Man X-O Manowar in Heavy Metal v1.000 (1996)(Acclaim)(US)[!],IRONMAN_XO,T-8119H,V1.000,SEGA SEGASATURN,SEGA TP T-81,19960918,CD-1/1,JT,U
Iron Man X-O Manowar in Heavy Metal v1.000 (1997)(Acclaim)(PAL)(M3)[!],IRONMAN,T-8119H-50,V1.000,SEGA SEGASATURN,SEGA TP T-81,19961005,CD-1/1,JT,E
Iron Storm v1.000 (1996)(Working Designs)(US)[!],IRON STORM,T-12701H,V1.000,SEGA SEGASATURN,SEGA TP T-127,19960329,CD-1/1,JM,U
"J.League Pro Soccer Club o Tsukurou! 2 v1.007 (1998)(Sega)(JP)[!][GS-9168P-01946 3M6, 3MM1, 14M1]",J-LEAGUE PRO SOCCER CLUB WO TSUKUROU 2,GS-9168,V1.007,SEGA SEGASATURN,SEGA ENTERPRISES,19971024,CD-1/1,J,J
J.League Pro Soccer Club o Tsukurou! 2 v1.015 (1998)(Sega)(JP)[!][GS-9168P-01946C],J-LEAGUE PRO SOCCER CLUB WO TSUKUROU 2,GS-9168,V1.015,SEGA SEGASATURN,SEGA ENTERPRISES,19980311,CD-1/1,J,J
J.League Pro Soccer Club o Tsukurou! v1.110 (1996)(Sega)(JP)[!][GS-9034P-00693A-P1K],J LEAGUE PRO SOCCOER CLUB WO TSUKUROU!,GS-9034,V1.110,SEGA SEGASATURN,SEGA ENTERPRISES,19960229,CD-1/1,J,J
"J.League Victory Goal '96 v1.000 (1996)(Sega)(JP)[!][GS-9048P-00770 1MM1, 3MB1, 3MB2, 3MC2]",VICTORY GOAL96,GS-9048,V1.000,SEGA SEGASATURN,SEGA ENTERPRISES,19960304,CD-1/1,JT,J
J.League Victory Goal '97 v1.001 (1997)(Sega)(JP)[!],VICTORY GOAL97,GS-9140,V1.001,SEGA SEGASATURN,SEGA ENTERPRISES,19970217,CD-1/1,JT,J
Jikkyou Powerful Pro Yakyuu '95 - Kaimaku-ban v3.000 (1995)(Konami)(JP)[!],JIKKYO PAWAFURU PUROYAKYU 95 KAIMAKUBAN,T-9502G,V3.000,SEGA SEGASATURN,SEGA TP T-95,19950626,CD-1/1,J,JT
Jikuu Tantei DD - Maboroshi no Lorelei v1.002 (1996)(ASCII)(JP)(Disc 1 of 2)[!],J:JIKUUTANTEI DD,T-2103G,V1.002,SEGA SEGASATURN,SEGA TP T-21,19960607,CD-1/2,J,J
Jikuu Tantei DD - Maboroshi no Lorelei v1.002 (1996)(ASCII)(JP)(Disc 2 of 2)[!],J:JIKUUTANTEI DD,T-2103G,V1.002,SEGA SEGASATURN,SEGA TP T-21,19960607,CD-2/2,J,J
Johnny Bazookatone v1.000 (1995)(U.S. Gold)(PAL)[!],JOHNNY BAZOOKATONE,T-7909H50,V1.000,SEGA SEGASATURN,SEGA TP T-079,19951122,CD-1/1,J,E
Jonah Lomu Rugby v1.100 (1997)(Codemasters)(PAL)(M4)[!],JONAH LOMU RUGBY,T-12003H50,V1.100,SEGA SEGASATURN,SEGA TP T-120,19970626,CD-1/1,JT,E
K-1 - The King of Kings - Fighting Illusion Shou - K-1 Grand Prix v1.003 (1996)(Xing)(JP)[!],F.ILLUSION SHOU,T-26102G,V1.003,SEGA SEGASATURN,SEGA TP T-261,19961216,CD-1/1,J,J
Kakyuusei v1.002 (1997)(elf)(JP)(Disc 1 of 3)[!][T-28002GP-01484 1M3],KAKYUSEI,T-28002G,V1.002,SEGA SEGASATURN,SEGA TP T-280,19970228,CD-1/3,J,J
"Kakyuusei v1.002 (1997)(elf)(JP)(Disc 1 of 3)[!][T-28002GP-01484 2M5, 2MB2]",KAKYUSEI,T-28002G,V1.002,SEGA SEGASATURN,SEGA TP T-280,19970228,CD-1/3,J,J
Kakyuusei v1.002 (1997)(elf)(JP)(Disc 2 of 3)[!][T-28002GP-01485 1MM1],KAKYUSEI,T-28002G,V1.002,SEGA SEGASATURN,SEGA TP T-280,19970228,CD-2/3,J,J
"Kakyuusei v1.002 (1997)(elf)(JP)(Disc 3 of 3)[!][T-28802GP-01486 2M2, 2M3]",KAKYUSEI,T-28002G,V1.002,SEGA SEGASATURN,SEGA TP T-280,19970228,CD-3/3,J,J
Kanzen Chuukei Pro Yakyuu Greatest Nine v1.009 (1995)(Sega)(JP)[!],GREATEST NINE,GS-9017,V1.010,SEGA SEGASATURN,SEGA ENTERPRISES,19950509,CD-1/1,J,J
Kekkon - Marriage v1.200 (1995)(Shogakukan Production)(JP)[!],MARRIAGE,T-10501G,V1.200,SEGA SEGASATURN,SEGA TP T-105,19951106,CD-1/1,J,J
Kidou Senkan Nadesico - Yappari Saigo wa 'Ai ga Katsu' v1.003 (1997)(Sega)(JP)[!],NADESICO,GS-9142,V1.003,SEGA SEGASATURN,SEGA ENTERPRISES,19970408,CD-1/1,J,JT
Kidou Senshi Gundam - Gihren no Yabou - Kouryaku Shireisho v1.000 (1998)(Bandai)(JP)[!],GIREN NO YABOU KOURYAKU SIREISYO,T-13333G,V1.000,SEGA SEGASATURN,SEGA TP T-133,19980906,CD-1/1,J,J
Kidou Senshi Gundam - Gihren no Yabou v1.003 (1998)(Bandai)(JP)[!],G_GIREN,T-13327G,V1.003,SEGA SEGASATURN,SEGA TP T-133,19980304,CD-1/1,J,J
Kidou Senshi Z Gundam - Zenpen Zeta no Kodou v1.002 (1997)(Bandai)(JP)[!],Z-GUNDAM ZENPEN Z NO KODOU,T-13315G,V1.002,SEGA SEGASATURN,SEGA TP T-133,19970313,CD-1/1,J,J
"King of Boxing, The v1.010 (1995)(Victor)(JP)[!]",THE KING OF BOXING,T-6001G,V1.010,SEGA SEGASATURN,SEGA TP T-60,19950901,CD-1/1,J,JT
"King of Fighters '96, The v1.001 (1996)(SNK)(JP)(M4)[!][req. 1Mb RAM cart]",KOF '96,T-3108G,V1.001,SEGA SEGASATURN,SEGA TP T-31,19961211,CD-1/1,JW,J
"King of Fighters '97, The v1.001 (1997)(SNK)(JP)[!][req. 1Mb RAM cart]",KOF '97,T-3121G,V1.001,SEGA SEGASATURN,SEGA TP T-31,19980206,CD-1/1,JW,J
Krazy Ivan v1.150 (1996)(Psygnosis)(PAL)[!],KRAZY IVAN,T-11305H,V1.150,SEGA SEGASATURN,SEGA TP T-113,19961031,CD-1/1,J,E
Last Bronx v1.001 (1997)(Sega)(PAL)(Track 02 of 24)[!],vl,,,,t~,,,,
Last Bronx v1.001 (1997)(Sega)(PAL)[!],LASTBRONX,MK-81078,V1.001,SEGA SEGASATURN,SEGA ENTERPRISES,19970910,CD-1/1,J,E
Last Bronx v1.112 (1997)(Sega)(JP)(Disc 1 of 2)(Arcade Disc)(Track 02 of 24)[!],vl,,,,t~,,,,
Last Bronx v1.112 (1997)(Sega)(JP)(Disc 1 of 2)(Arcade Disc)[!],LASTBRONX,GS-9152,V1.112,SEGA SEGASATURN,SEGA ENTERPRISES,19970707,CD-1/2,J,JT
Last Bronx v1.113 (1997)(Sega)(JP)(Disc 2 of 2)(Special Disc)(Track 02 of 24)[!],vl,,,,t~,,,,
Last Bronx v1.113 (1997)(Sega)(JP)(Disc 2 of 2)(Special Disc)[!],LASTBRONX,GS-9152,V1.113,SEGA SEGASATURN,SEGA ENTERPRISES,19970707,CD-2/2,J,JT
"Legend of Oasis, The v1.002 (1996)(Sega)(US)[!]",THE LEGEND OF     OASIS,MK-81302,V1.002,SEGA SEGASATURN,SEGA ENTERPRISES,19960605,CD-1/1,J,JTU
"Legend of Oasis, The v1.002 (1996)(Sega)(US)[tr pt Waldsonglym]",THE LEGEND OF     OASIS,MK-81302,V1.002,SEGA SEGASATURN,SEGA ENTERPRISES,19960605,CD-1/1,J,JTU
Lightning Gunner (1997-04-14)(E.O. Imagination)(proto),LIGHTNING GUNNER FOR GAME BASIC - FROM TECH SATURN (COPYRIGHT) DEMO DISC - STANDALONE RIP BY VBT & MADROMS,(unknown),V1.001,SEGA SEGASATURN,SEGA VBT-MADROMS,20060521,CD-1/1,J,JTUE
Loaded v1.001 (1996)(Gremlin)(PAL)(M3)[!][T-12301HP-00963 A],LOADED,T-12301H,V1.001,SEGA SEGASATURN,SEGA TP T-123,19960601,CD-1/1,JT,E
Loaded v1.001 (1996)(Gremlin)(PAL)(M3)[!][T-12301HP-00963 B],LOADED,T-12301H,V1.001,SEGA SEGASATURN,SEGA TP T-123,19960601,CD-1/1,JT,E
Lost & Found Vol. 2 (2007)(Oldergames)(US)(Disc 1 of 2)[Rebellion],SAMPLE GAME,SG0000000,V1.000,SEGA SEGASATURN,SEGA ENTERPRISES,19940801,CART16M,J,JTUBKAEL
Machi v1.001 (1997)(Chun Soft)(JP)(Disc 1 of 2)[!][AKA Sound Novel Machi],MACHI,T-34001G,V1.001,SEGA SEGASATURN,SEGA TP T-340,19971212,CD-1/2,J,J
Machi v1.001 (1997)(Chun Soft)(JP)(Disc 2 of 2)[!][T-34001GP-02069 2MM1][AKA Sound Novel Machi],MACHI,T-34001G,V1.001,SEGA SEGASATURN,SEGA TP T-340,19971212,CD-2/2,J,J
Madden NFL 97 v1.000 (1996)(Electronic Arts)(PAL)[!],MADDEN NFL '97,T-5010H,V1.000,SEGA SEGASATURN,SEGA TP T-50,19961001,CD-1/1,JT,E
Madden NFL 97 v1.000 (1996)(Electronic Arts)(US)[!],MADDEN NFL '97,T-5010H,V1.000,SEGA SEGASATURN,SEGA TP T-50,19960920,CD-1/1,JT,U
Madden NFL 98 v1.000 (1997)(Electronic Arts)(US)[!],MADDEN NFL '98,T-5024H,V1.000,SEGA SEGASATURN,SEGA TP T-50,19970804,CD-1/1,JT,U
Magic Carpet v1.000 (1996)(Electronic Arts)(PAL)(M5)[!][SATURNT5006H50 P2H],MAGIC CARPET,T-5006H,V1.000,SEGA SEGASATURN,SEGA TP T-500,19960214,CD-1/1,J,E
"Mansion of Hidden Souls, The v1.006 (1995)(Sega)(US)[!]",U:THE MANSION OF HIDDEN SOULS   J:THE MANSION OF HIDDEN SOULS,MK-81012,V1.006,SEGA SEGASATURN,SEGA ENTERPRISES,19950901,CD-1/1,J,UTJ
Manx TT SuperBike v1.000 (1997)(Sega)(PAL)[!],MANX TT SUPER BIKE,MK-81210,V1.000,SEGA SEGASATURN,SEGA ENTERPRISES,19970217,CD-1/1,JSE,E
Manx TT SuperBike v1.001 (1997)(Sega)(JP)[!],MANX TT SUPER BIKE,GS-9102,V1.001,SEGA SEGASATURN,SEGA ENTERPRISES,19970218,CD-1/1,JSE,JT
Maria - Kimitachi ga Umareta Wake v1.000 (1997)(Axela - Break)(JP)(Disc 1 of 2)[!],MARIA ---KIMITACHI GA UMARETA WAKE---,T-36302G,V1.000,SEGA SEGASATURN,SEGA TP T-363,19971211,CD-1/2,J,J
Maria - Kimitachi ga Umareta Wake v1.000 (1997)(Axela - Break)(JP)(Disc 2 of 2)[!],MARIA ---KIMITACHI GA UMARETA WAKE---,T-36302G,V1.000,SEGA SEGASATURN,SEGA TP T-363,19971211,CD-2/2,J,J
Marvel Super Heroes v1.000 (1997)(Virgin)(PAL)[!],MARVEL SUPER HEROES,T-7032H-50,V1.000,SEGA SEGASATURN,SEGA TP T-70,19970924,CD-1/1,JW,E
Mass Destruction v1.200 (1997)(BMG Interactive - Sega)(PAL)(M4)[!],MASS DESTRUCTION,MK-81089,V1.200,SEGA SEGASATURN,SEGA ENTERPRISES,19970305,CD-1/1,JT,E
Mazinger Z (2017-09-25)(Nova32 Animation Studios)(MX)(en),JO ENGINE,(unknown),V1.000,SEGA SEGASATURN,JO-ENGINE,20150923,CD-1/1,J,JTUE
MechWarrior 2 - 31st Century Combat v1.000 (1997)(Activision)(PAL)[!],MECHWARRIOR2,T-13004H,V1.000,SEGA SEGASATURN,SEGA TP T-130,19970519,CD-1/1,JAE,E
Mobile Suit Gundam Sidestory I - Senritsu no Blue v1.000 (1996)(Bandai)(JP)[!],MOBILE SUIT GUNDAM SIDE STORY1 A SHUDDER OF THE BLUE,T-13306G,V1.000,SEGA SEGASATURN,SEGA TP T-133,19960531,CD-1/1,J,J
Mobile Suit Gundam Sidestory II - Ao o Uketsugu Mono v1.000 (1996)(Bandai)(JP)[!],MOBILE SUIT GUNDAM SIDE STORY2 THE SUCCESSOR OF THE BLUE,T-13309G,V1.000,SEGA SEGASATURN,SEGA TP T-133,19961031,CD-1/1,J,J
Mobile Suit Gundam Sidestory III - Sabakareshi Mono v1.000 (1997)(Bandai)(JP)[!],MOBILE SUIT GUNDAM SIDE STORY3 THE JUDGEMENT,T-13312G,V1.000,SEGA SEGASATURN,SEGA TP T-133,19970131,CD-1/1,J,J
Mobile Suit Gundam v1.000 (1995)(Bandai)(JP)[!],GUNDAM,T-13303G,V1.000,SEGA SEGASATURN,SEGA TP T-133,19951125,CD-1/1,J,J
Mortal Kombat II v1.000 (1996)(Acclaim)(PAL)[!],MORTAL KOMBAT II,T-8103H-50,V1.000,SEGA SEGASATURN,SEGA TP T-81,19960102,CD-1/1,J,E
Mortal Kombat II v1.000 (1996)(Acclaim)(PAL)[tr pt-partial CNT],MORTAL KOMBAT II,T-8103H-50,V1.000,SEGA SEGASATURN,SEGA TP T-81,19960102,CD-1/1,J,E
Mortal Kombat Trilogy v1.000 (1997)(GT Interactive)(PAL)[!],MK TRILOGY,T-25414H50,V1.000,SEGA SEGASATURN,SEGA TP T-97,19970818,CD-1/1,JT,E
Myst v1.001 (1995)(Acclaim)(US)[!],MYST (U)                                        MYST,T-8101H,V1.001,SEGA SEGASATURN,SEGA TP T-81,19950707,CD-1/1,JM,U
Myst v1.050 (1994)(Sunsoft)(JP)[!],MYST,T-1501G,V1.050,SEGA SEGASATURN,SEGA TP T-15,19941025,CD-1/1,JM,J
Myst v1.100 (1995)(Sega - Sunsoft)(PAL)(M4)[!],MYST,MK-81081,V1.100,SEGA SEGASATURN,SEGA ENTERPRISES,19950811,CD-1/1,JM,E
Mystaria - The Realms of Lore v1.000 (1995)(Sega)(PAL)[!],MYSTARIA,MK-81300,V1.000,SEGA SEGASATURN,SEGA ENTERPRISES,19951101,CD-1/1,J,ET
Mystery Mansion - Das Haus der verlorenen Seelen v1.009 (1995)(Sega)(PAL)(DE)[!],E:MYSTERY MANSION DAS HAUS DER VERLORENEN SEELEN,MK-81012,V1.009,SEGA SEGASATURN,SEGA ENTERPRISES,19950920,CD-1/1,J,E
Nanatsu no Hikan v1.001 (1996)(KOEI)(JP)(Disc 2 of 3)[!],NANATSUNO HIKAN,T-7616G,V1.001,SEGA SEGASATURN,SEGA TP T-76,19960311,CD-2/3,J,J
Nanatsu no Hikan v1.001 (1996)(KOEI)(JP)(Disc 3 of 3)[!],NANATSUNO HIKAN,T-7616G,V1.001,SEGA SEGASATURN,SEGA TP T-76,19960311,CD-3/3,J,J
NASCAR 98 v1.000 (1997)(Electronic Arts)(PAL)(DE)[!],EA_ANDRETTI,T-5028H,V1.000,SEGA SEGASATURN,SEGA TP T-50,19971104,CD-1/1,JS,E
NBA Action 98 v1.007 (1997)(Sega)(PAL)[!],NBA Action 98,MK-81124,V1.007,SEGA SEGASATURN,SEGA ENTERPRISES,19971112,CD-1/1,JAT,E
NBA Action v1.026 (1995)(Sega)(PAL)[!],NBA ACTION      BASKETBALL,MK81103-50,V1.026,SEGA SEGASATURN,SEGA ENTERPRISES,5231996,CD-1/1,JT,E
NBA Jam Extreme v1.000 (1996)(Acclaim)(PAL)[!],NBA JAM EXTREME,T-8120H-50,V1.000,SEGA SEGASATURN,SEGA TP T-81,19961111,CD-1/1,JT,E
NBA Jam T.E. - Tournament Edition v1.000 (1995)(Acclaim)(PAL)[!],NBA JAM TOURNAMENT EDITION,T-8102H-50,V1.000,SEGA SEGASATURN,SEGA TP T-81,19951019,CD-1/1,J,E
NBA Live 97 v1.000 (1997)(Electronic Arts)(PAL)[!],NBA LIVE 97,T-5015H,V1.000,SEGA SEGASATURN,SEGA TP T-50,19970228,CD-1/1,J,E
NBA Live 98 v1.000 (1997)(Electronic Arts)(PAL)[!],NBA LIVE 98,T-5027H,V1.000,SEGA SEGASATURN,SEGA TP T-50,19971122,CD-1/1,J,E
"Need for Speed, The v1.000 (1996)(Electronic Arts)(PAL)(de-en)[!]",THE NEED FOR SPEED,T-5009H,V1.000,SEGA SEGASATURN,SEGA TP T-50,19962806,CD-1/1,JAS,E
"Need for Speed, The v1.000 (1996)(Electronic Arts)(US)(de-en)[!]",THE NEED FOR SPEED,T-5009H,V1.000,SEGA SEGASATURN,SEGA TP T-50,19962806,CD-1/1,JAS,U
NFL '97 v1.010 (1996)(Sega)(US)[!],SEGA SPORTS     NFL '97,MK-81111,V1.010,SEGA SEGASATURN,SEGA ENTERPRISES,11111996,CD-1/1,JTE,U
NFL Quarterback Club '97 v1.001 (1997)(Acclaim)(US)[!],NFL QUARTERBACK CLUB '97,T-8136H,V1.001,SEGA SEGASATURN,SEGA TP T-81,19960815,CD-1/1,J,U
NHL 97 v1.000 (1996)(Electronic Arts)(PAL)[!][T5016H50 P1H 12],NHL 97 Saturn,T-5016H,V1.000,SEGA SEGASATURN,SEGA TP T-50,19961025,CD-1/1,JAT,E
NHL 97 v1.000 (1996)(Electronic Arts)(US)[!],NHL 97 Saturn,T-5016H,V1.000,SEGA SEGASATURN,SEGA TP T-50,19961025,CD-1/1,JAT,U
NHL All-Star Hockey 98 v1.015 (1998)(Sega)(US)(M3)[!],All Star Hockey '98,MK-81122,V1.015,SEGA SEGASATURN,SEGA ENTERPRISES,19971021,CD-1/1,JT,UTJ
NHL All-Star Hockey v1.001 (1995)(Sega)(PAL)[!],NHL ALL-STAR       HOCKEY,MK-8100250,V1.001,SEGA SEGASATURN,SEGA ENTERPRISES,9111995,CD-1/1,JT,E
NHL All-Star Hockey v1.072 (1995)(Sega)(US)[!][1008681102 9-95 2SA2],NHL ALL-STAR       HOCKEY,MK-81002,V1.072,SEGA SEGASATURN,SEGA ENTERPRISES,8251995,CD-1/1,JT,U
NHL Powerplay '96 v1.000 (1996)(Virgin)(US)[!],NHL Power Play '96,T-07013H,V1.000,SEGA SEGASATURN,SEGA TP T-070,19960605,CD-1/1,JAT,U
NHL Powerplay v4.000 (1996)(Virgin)(PAL)[!],NHL POWERPLAY '96,T-7013H-50,V4.000,SEGA SEGASATURN,SEGA TP T-70,19961121,CD-1/1,JT,E
Night Warriors - Darkstalkers' Revenge v1.001 (1996)(Capcom)(US)[!],NIGHT WARRIORS,T-1208H,V1.001,SEGA SEGASATURN,SEGA TP T-12,19960228,CD-1/1,J,U
Night Warriors - Darkstalkers' Revenge v1.001 (1996)(Virgin)(PAL)[!],NIGHT WARRIORS,T-7009H-50,V1.001,SEGA SEGASATURN,SEGA TP T-70,19960317,CD-1/1,J,E
Nights Into Dreams... v1.001 (1995)(Sega)(PAL)[!],NiGHTS,MK-81020,V1.001,SEGA SEGASATURN,SEGA ENTERPRISES,19960702,CD-1/1,EJ,E
Nights Into Dreams... v1.006 (1996)(Sega)(JP)[!][GS-9046P-00917-P1C],NiGHTS,GS-9046,V1.006,SEGA SEGASATURN,SEGA ENTERPRISES,19960617,CD-1/1,EJ,JT
Nights Into Dreams... v1.006 (1996)(Sega)(JP)[!][GS-9046P-00917-P2C],NiGHTS,GS-9046,V1.006,SEGA SEGASATURN,SEGA ENTERPRISES,19960617,CD-1/1,EJ,JT
Nippon Daihyou Team no Kantoku ni Narou! Sekaihatsu Soccer RPG v1.001 (1998)(Enix - Sega)(JP)[!][T-35504GP-02298-P1C],NIHON DAIHYOU TEAM NO KANTOKU NINAROU,T-35504G,V1.001,SEGA SEGASATURN,SEGA TP T-355,19980603,CD-1/1,J,JT
Nonomura Byouin no Hitobito v1.000 (1996)(elf)(JP)[!],NONOMURA BYOUIN NO HITOBITO,T-28001G,V1.000,SEGA SEGASATURN,SEGA TP T-280,19960426,CD-1/1,J,J
Olympic Soccer v2.000 (1994)(U.S. Gold)(PAL)(DE)[!],OLYMPIC SOCCER,T-07904H18,V2.000,SEGA SEGASATURN,SEGA TP T-079,19960712,CD-1/1,J,E
Olympic Soccer v2.000 (1994)(U.S. Gold)(PAL)(M5)[!],OLYMPIC SOCCER,T-07904H50,V2.000,SEGA SEGASATURN,SEGA TP T-079,19960710,CD-1/1,J,E
OutRun v1.005 (1996)(Sega)(JP)(en)[!][Sega Ages],OUTRUN,GS-9110,V1.005,SEGA SEGASATURN,SEGA ENTERPRISES,19960829,CD-1/1,JAES,JT
Pandemonium! v1.300 (1997)(Crystal Dynamics)(PAL)[!],PANDEMONIUM,MK-8109050,V1.300,SEGA SEGASATURN,SEGA ENTERPRISES,19970429,CD-1\1,J,E
Panzer Dragoon II - Zwei v1.000 (1996)(Sega)(PAL)[!],PANZER DRAGOON  ZWEI,MK-81022,V1.000,SEGA SEGASATURN,SEGA ENTERPRISES,19960314,CD-1/1,J,E
"Panzer Dragoon II - Zwei v1.001 (1996)(Sega)(JP)[!][GS-9049P-00760-P6K, P7K]",PANZER DRAGOON  ZWEI,GS-9049,V1.001,SEGA SEGASATURN,SEGA ENTERPRISES,19960227,CD-1/1,J,JT
Panzer Dragoon Saga v1.000 (1998)(Sega)(PAL)(Disc 1 of 4)[!],J:AZEL PANZER DRAGOON RPG       U:PANZER DRAGOON SAGA,MK-81307,V1.000,SEGA SEGASATURN,SEGA ENTERPRISES,19980309,CD-1/4,AEFJK,E
Panzer Dragoon Saga v1.000 (1998)(Sega)(PAL)(Disc 2 of 4)[!],J:AZEL PANZER DRAGOON RPG       U:PANZER DRAGOON SAGA,MK-81307,V1.000,SEGA SEGASATURN,SEGA ENTERPRISES,19980309,CD-2/4,AEFJK,E
Panzer Dragoon Saga v1.000 (1998)(Sega)(PAL)(Disc 3 of 4)[!],J:AZEL PANZER DRAGOON RPG       U:PANZER DRAGOON SAGA,MK-81307,V1.000,SEGA SEGASATURN,SEGA ENTERPRISES,19980309,CD-3/4,AEFJK,E
Panzer Dragoon Saga v1.000 (1998)(Sega)(PAL)(Disc 4 of 4)[!],J:AZEL PANZER DRAGOON RPG       U:PANZER DRAGOON SAGA,MK-81307,V1.000,SEGA SEGASATURN,SEGA ENTERPRISES,19980309,CD-4/4,AEFJK,E
Panzer Dragoon Saga v1.000 (demo) (1998)(Sega)(PAL)[!],J:AZEL PANZER DRAGOON RPG       U:PANZER DRAGOON SAGA,MK-81307,V1.000,SEGA SEGASATURN,SEGA ENTERPRISES,19980309,CD-1/4,AEFJK,E
Panzer Dragoon v1.000 (1995)(Sega)(PAL)(M5)[!],PANZER DRAGOON,MK-81009,V1.000,SEGA SEGASATURN,SEGA ENTERPRISES,19950414,CD-1/1,J,AEL
Panzer Dragoon v1.001 (1995)(Sega)(JP)[!][GS-9015P-00298 4A1],PANZER DRAGOON,GS-9015,V1.001,SEGA SEGASATURN,SEGA ENTERPRISES,19950210,CD-1/1,J,JT
Parodius v2.000 (1995)(Konami)(PAL)[!][compilation],PARODIUS/FANTASTIC JOURNEY,T-9501H-50,V2.000,SEGA SEGASATURN,SEGA TP T-95,19950907,CD-1/1,J,E
Pebble Beach Golf Links v0.001 (1995)(Sega)(US)[!],Pebble Beach Golf Links,MK-81101,V.001,SEGA SEGASATURN,SEGA ENTERPRISES,19950407,CD-1/1,J,UKBT
PGA Tour 97 v1.000 (1996)(Electronic Arts)(PAL)[!],PGA TOUR 97,T-5011H,V1.000,SEGA SEGASATURN,SEGA TP T-50,19961028,CD-1/1,JT,E
Phantasm v1.001 (1997)(Outrigger)(JP)(Disc 1 of 8)[!],PHANTASM,T-36001G,V1.001,SEGA SEGASATURN,SEGA TP T-360,19970527,CD-1/8,JM,J
Phantasm v1.001 (1997)(Outrigger)(JP)(Disc 2 of 8)[!],PHANTASM,T-36001G,V1.001,SEGA SEGASATURN,SEGA TP T-360,19970527,CD-2/8,JM,J
Phantasm v1.001 (1997)(Outrigger)(JP)(Disc 3 of 8)[!],PHANTASM,T-36001G,V1.001,SEGA SEGASATURN,SEGA TP T-360,19970527,CD-3/8,JM,J
Phantasm v1.001 (1997)(Outrigger)(JP)(Disc 4 of 8)[!],PHANTASM,T-36001G,V1.001,SEGA SEGASATURN,SEGA TP T-360,19970527,CD-4/8,JM,J
Phantasm v1.001 (1997)(Outrigger)(JP)(Disc 5 of 8)[!],PHANTASM,T-36001G,V1.001,SEGA SEGASATURN,SEGA TP T-360,19970527,CD-5/8,JM,J
Phantasm v1.001 (1997)(Outrigger)(JP)(Disc 7 of 8)[!],PHANTASM,T-36001G,V1.001,SEGA SEGASATURN,SEGA TP T-360,19970527,CD-7/8,JM,J
Phantasm v1.001 (1997)(Outrigger)(JP)(Disc 8 of 8)[!],PHANTASM,T-36001G,V1.001,SEGA SEGASATURN,SEGA TP T-360,19970527,CD-8/8,JM,J
Phantasm v1.002 (1997)(Outrigger)(JP)(Disc 6 of 8)[!][T-36001GP-01676 5MM1],PHANTASM,T-36001G,V1.002,SEGA SEGASATURN,SEGA TP T-360,19970606,CD-6/8,JM,J
Photo CD Operating System v1.002 (1995)(Sega)(PAL)(M6)(Track 2 of 3)[!][MK-81681P-485],"0:gÊHODòD$ME,ìD6!DAHDHF¿HItHKåH",Ｈ0:Ｈ!,t,PHOTO_CD,4722161109420:,1E,(unknown),0,(unknown)
Photo CD Operating System v1.002 (1995)(Sega)(PAL)(M6)[!][MK-81681P-485],PHOTO CD OPERATING SYSTEM       MK-81681,SEGAVIEWER,V1.002,SEGA SEGASATURN,SEGA ENTERPRISES,19950912,CD-1/1,J,ET
Pinball Graffiti v1.000 (demo) (1997)(JVC)(PAL)[!],PINBALL GRAFFITI,T-6011H-50,V1.000,SEGA SEGASATURN,SEGA TP T-60,19961118,CD-1/1,J,E
Preview Sega Saturn Vol. 1 v1.000 (1996)(Sega)(PAL)[!],SEGA EUROPE PREVIEW 1,SG0000000,V1.000,SEGA SEGASATURN,SEGA TP 3RD-PRT.,19960808,CART16M,J,JTUBKAEL
Prisoner of Ice - Jashin Kourin v1.000 (1997)(Xing)(JP)[!],PRISONER OF ICE,T-26112G,V1.000,SEGA SEGASATURN,SEGA TP T-261,19971106,CD-1/1,JM,J
Pro Mahjong Kiwame S v1.006 (1996)(Athena)(JP)[!],KIWAME-S,T-16801G,V1.006,SEGA SEGASATURN,SEGA TP T-168,19960201,CD-1/1,J,J
Pro Yakyuu Greatest Nine 97 - Make Miracle v1.001 (1997)(Sega)(JP)[!],GREATEST NINE97 MAKE MIRACLE,GS-9171,V1.001,SEGA SEGASATURN,SEGA ENTERPRISES,19970821,CD-1/1,J,J
Pro Yakyuu Greatest Nine 97 v1.017 (1997)(Sega)(JP)[!],GREATEST NINE 97,GS-9139,V1.017,SEGA SEGASATURN,SEGA ENTERPRISES,19970311,CD-1/1,J,J
Pro Yakyuu Team mo Tsukurou! v1.005 (1998)(Sega)(JP)[!],PRO YAKYUU TEAM MO TSUKUROU!,GS-9165,V1.005,SEGA SEGASATURN,SEGA ENTERPRISES,19980114,CD-1/1,J,JT
"Puyo Puyo 2 - Tsuu v1.200 (1995)(Compile)(JP)[!][T-6601GP-00504 1M2, 1MM1]",PUYOPUYO2,T-6601G,V1.200,SEGA SEGASATURN,SEGA TP T-66,19950930,CD-1/1,J,JT
"Puyo Puyo 2 - Tsuu v1.200 (1995)(Compile)(JP)[!][T-6601GP-00504 3M2, 3MB3, 3MM1]",PUYOPUYO2,T-6601G,V1.200,SEGA SEGASATURN,SEGA TP T-66,19950930,CD-1/1,J,JT
"Puyo Puyo Sun v1.002 (1997)(Compile)(JP)[!][T-6603GP-01369 3M1, 3M5, 3MB4, 3MB6]",PUYO PUYO SUN,T-6603G,V1.002,SEGA SEGASATURN,SEGA TP T-66,19970130,CD-1/1,J,J
Quake v1.015 (1997)(Sega)(PAL)[!],QUAKE,MK-081066,V1.015,SEGA SEGASATURN,SEGA ENTERPRISES,19971024,CD-1/1,EATJ,E
Quarterback Attack v1.000 (1995)(Digital Pictures)(US)[!],Quarterback Attack SATURN,T-16213H,V1.000,SEGA SEGASATURN,SEGA TP T-162,19951002,CD-1/1,J,U
Race Drivin' v1.000 (1995)(Time Warner Interactive)(JP)(en)[!],RACE DRIVIN',T-4802G,V1.000,SEGA SEGASATURN,SEGA TP T-48,19950331,CD-1/1,JAST,JU
Radiant Silvergun v1.002 (1998)(ESP)(JP)[!],RADIANT S.G,T-32902G,V1.002,SEGA SEGASATURN,SEGA TP T-329,19980611,CD-1/1,J,J
Rampo v1.000 (1995)(Sega)(JP)(Disc 1 of 2)[!],RAMPO,GS-9011,V1.000,SEGA SEGASATURN,SEGA ENTERPRISES,19950127,CD-1/2,J,JT
Rampo v1.000 (1995)(Sega)(JP)(Disc 2 of 2)[!],RAMPO,GS-9011,V1.000,SEGA SEGASATURN,SEGA ENTERPRISES,19950127,CD-2/2,J,JT
Rayman v1.000 (1995)(Ubi Soft)(PAL)(M3)[!][T17701H-50 10-95 15C3],RAYMAN,T-17701H,V1.000,SEGA SEGASATURN,SEGA TP T-177,19950915,CD-1/1,J,AEL
Rayman v1.000 (1995)(Ubi Soft)(US)[tr pt Waldsonglym],RAYMAN,T-17701G,V1.000,SEGA SEGASATURN,SEGA TP T-177,19950915,CD-1/1,J,TUBK
Real Sound - Kaze no Regret v1.000 (1997)(Warp)(JP)(Disc 1 of 4)[!],REALSOUND,T-30002G,V1.000,SEGA SEGASATURN,SEGA TP T-300,19970718,CD-1/4,J,J
"Real Sound - Kaze no Regret v1.000 (1997)(Warp)(JP)(Disc 2 of 4)[!][T-30002GP-01696 2M2, 2MB2]",REALSOUND,T-30002G,V1.000,SEGA SEGASATURN,SEGA TP T-300,19970718,CD-2/4,J,J
"Real Sound - Kaze no Regret v1.000 (1997)(Warp)(JP)(Disc 3 of 4)[!][T-30002GP-01697 2M4, 2MM1]",REALSOUND,T-30002G,V1.000,SEGA SEGASATURN,SEGA TP T-300,19970718,CD-3/4,J,J
Real Sound - Kaze no Regret v1.000 (1997)(Warp)(JP)(Disc 4 of 4)[!],REALSOUND,T-30002G,V1.000,SEGA SEGASATURN,SEGA TP T-300,19970718,CD-4/4,J,J
Resident Evil v1.002 (1997)(Capcom - Sega)(PAL)[!],RESIDENT EVIL,MK-81092,V1.002,SEGA SEGASATURN,SEGA ENTERPRISES,19970806,CD-1/1,J,E
"Revolution X v1.000 (1995)(Acclaim)(US)[!][T-8107H 2-96 2SA1, 5A25]",REVOLUTION X,T-8107H,V1.000,SEGA SEGASATURN,SEGA TP T-81,19960206,CD-1/1,JM,U
Revolution X v1.000 (1996)(Acclaim)(PAL)[!],REVOLUTION X,T-8107H-50,V1.000,SEGA SEGASATURN,SEGA TP T-81,19960222,CD-1/1,JM,E
"Riglordsaga 2 v1.100 (1996)(Sega)(JP)[!][GS-9084P-01101 1M2, 1MM1]",RIGLORDSAGA2,GS-9084,V1.100,SEGA SEGASATURN,SEGA ENTERPRISES,19961013,CD-1/1,J,JT
"Riglordsaga 2 v1.100 (1996)(Sega)(JP)[!][GS-9084P-01101 2M1, 2MB1]",RIGLORDSAGA2,GS-9084,V1.100,SEGA SEGASATURN,SEGA ENTERPRISES,19961013,CD-1/1,J,JT
Riglordsaga v1.000 (1995)(Sega)(JP)[!][GS-9021P-00344 1MM1],RIGLORDSAGA,GS-9021,V1.000,SEGA SEGASATURN,SEGA ENTERPRISES,19950501,CD-1/1,J,JT
"Riglordsaga v1.000 (1995)(Sega)(JP)[!][GS-9021P-344 6-95 4SB2, 4SB3]",RIGLORDSAGA,GS-9021,V1.000,SEGA SEGASATURN,SEGA ENTERPRISES,19950501,CD-1/1,J,JT
Rise 2 - Resurrection v1.000 (1996)(Acclaim)(PAL)(M5)[!],RISE 2:RESURRECTION,T-8114H-50,V1.000,SEGA SEGASATURN,SEGA TP T-81,19960521,CD-1/1,JT,E
Riven - The Sequel to Myst v1.003 (1998)(Sega)(PAL)(Disc 1 of 4)[!],RIVEN THE SEQUEL TO MYST,MK-81801,V1.003,SEGA SEGASATURN,SEGA ENTERPRISES,19980408,CD-1/4,JM,E
Riven - The Sequel to Myst v1.003 (1998)(Sega)(PAL)(Disc 2 of 4)[!],RIVEN THE SEQUEL TO MYST,MK-81801,V1.003,SEGA SEGASATURN,SEGA ENTERPRISES,19980408,CD-2/4,JM,E
Riven - The Sequel to Myst v1.003 (1998)(Sega)(PAL)(Disc 3 of 4)[!],RIVEN THE SEQUEL TO MYST,MK-81801,V1.003,SEGA SEGASATURN,SEGA ENTERPRISES,19980408,CD-3/4,JM,E
Riven - The Sequel to Myst v1.003 (1998)(Sega)(PAL)(Disc 4 of 4)[!],RIVEN THE SEQUEL TO MYST,MK-81801,V1.003,SEGA SEGASATURN,SEGA ENTERPRISES,19980408,CD-4/4,JM,E
Road Rash v1.000 (1996)(Electronic Arts)(PAL)[!],ROAD RASH,T-5008H,V1.000,SEGA SEGASATURN,SEGA TP T-50,19960719,CD-1/1,J,E
Robo Pit v1.001 (1996)(Kokopeli)(PAL)[!],ROBO PIT,T-10002H50,V1.001,SEGA SEGASATURN,SEGA TP T-100,19960725,CD-1/1,J,E
Robotica - Cybernation Revolt v1.000 (1995)(Sega)(PAL)[!],ROBOTICA,MK-81008,V1.000,SEGA SEGASATURN,SEGA ENTERPRISES,19950809,CD-1/1,J,E
Sakura Taisen - Jouki Radio Show - Steam Radio Show v1.002 (1997)(Sega)(JP)(Disc 2 of 2)(Kayou-ban)(Track 2 of 3)[!],サクラ大戦・蒸気ラジヲショウ（再納品）SJR101.S,ed at 97-0,9-09 0,MPEG Sof,dec data convert,9:21:48,by CRI.,(unknown),(unknown)
Sakura Taisen - Jouki Radio Show - Steam Radio Show v1.002 (1997)(Sega)(JP)(Disc 2 of 2)(Kayou-ban)[!],SAKURA RAJIO,GS-9160,V1.002,SEGA SEGASATURN,SEGA ENTERPRISES,19971002,CD-2/2,JMP,J
Sakura Taisen - Jouki Radio Show - Steam Radio Show v1.004 (1997)(Sega)(JP)(Disc 1 of 2)(Yuugi-ban)[!],SAKURA RAJIO,GS-9160,V1.004,SEGA SEGASATURN,SEGA ENTERPRISES,19971006,CD-1/2,JM,J
"Sakura Taisen 2 - Kimi, Shinitamou Koto Nakare v1.002 (1998)(Sega)(JP)(Disc 1 of 3)[!][GS-9169P-02228-P1K]",SAKURA TAISEN2,GS-9169,V1.002,SEGA SEGASATURN,SEGA ENTERPRISES,19980317,CD-1/3,JM,JT
"Sakura Taisen 2 - Kimi, Shinitamou Koto Nakare v1.002 (1998)(Sega)(JP)(Disc 2 of 3)[!][GS-9169P-02229-P1C]",SAKURA TAISEN2,GS-9169,V1.002,SEGA SEGASATURN,SEGA ENTERPRISES,19980317,CD-2/3,JM,JT
"Sakura Taisen 2 - Kimi, Shinitamou Koto Nakare v1.002 (1998)(Sega)(JP)(Disc 3 of 3)[!][GS-9169P-02230-P1C]",SAKURA TAISEN2,GS-9169,V1.002,SEGA SEGASATURN,SEGA ENTERPRISES,19980317,CD-3/3,JM,JT
"Sakura Taisen v1.005 (1996)(Sega)(JP)(Disc 1 of 2)[!][GS-9037P-00958 6M1, 6MB5]",SAKURA TAISEN,GS-9037,V1.005,SEGA SEGASATURN,SEGA ENTERPRISES,19960901,CD-1/2,JM,JT
"Sakura Taisen v1.005 (1996)(Sega)(JP)(Disc 1 of 2)[!][GS-9037P-00958 8MB1, 8MB6]",SAKURA TAISEN,GS-9037,V1.005,SEGA SEGASATURN,SEGA ENTERPRISES,19960901,CD-1/2,JM,JT
Sakura Taisen v1.005 (1996)(Sega)(JP)(Disc 2 of 2)[!],SAKURA TAISEN,GS-9037,V1.005,SEGA SEGASATURN,SEGA ENTERPRISES,19960901,CD-2/2,JM,JT
Sangokushi IV v1.000 (1995)(KOEI)(JP)[!],SANGOKUSHI-4,T-7601G,V1.000,SEGA SEGASATURN,SEGA TP T-76,19950302,CD-1/1,J,JT
SatMag Sono CD v1.001 (1998)(Softbank)(JP)(Track 2 of 3)[!][aka Sega Saturn Magazine Sono-CD][Issue 1998 2-6],MAIN.ASCEndConstruction,ionVersi,on  1.,Format,Author-Construct,00Cons,truction,.ASCPlay CA_,Play C
SatMag Sono CD v1.001 (1998)(Softbank)(JP)[!][aka Sega Saturn Magazine Sono-CD][Issue 1998 2-6],SATURN MAGAZINE 1998,6106833,V1.001,SEGA SEGASATURN,SEGA TP T-186,19971209,CD-1/1,J,J
Saturn Bomber Man v1.000 (1997)(Sega)(PAL)[!],SATURN BOMBERMAN,MK-81070,V1.000,SEGA SEGASATURN,SEGA ENTERPRISES,19970228,CD-1/1,JT,E
"Saturnade (2015)(Mihai, Sebastian)[COFF]",Rockin-Bs MineSweeper for SEGA Saturn/segaXtreme coding contest 2003,MINESWPR,V1.000,SEGA SEGASATURN,SEGA THEROCKIN-B,20030831,CD-1/1,J,JTUE
"Saturnade (2015)(Mihai, Sebastian)[ELF]",Rockin-Bs MineSweeper for SEGA Saturn/segaXtreme coding contest 2003,MINESWPR,V1.000,SEGA SEGASATURN,SEGA THEROCKIN-B,20030831,CD-1/1,J,JTUE
Scorcher v3.004 (1997)(Sega)(PAL)[!],SCORCHER,MK-81214,V3.004,SEGA SEGASATURN,SEGA ENTERPRISES,19970327,CD-1/1,JT,E
Scud - The Disposable Assassin v1.015 (1997)(SegaSoft)(US)[!],#NAME?,T-30403H,V1.015,SEGA SEGASATURN,SEGA TP T-304,19970128,CD-1/1,JG,JTUE
Sega Ages Volume 1 v1.003 (1996)(Sega)(PAL)[!][compilation],SEGAAGES VOL1,MK-81604,V1.003,SEGA SEGASATURN,SEGA ENTERPRISES,19961126,CD-1/1,JAES,E
Sega Flash Vol. 1 v1.001 (1996)(Sega)(PAL)[!],SEGA FLASH SEGA SATURN VOL.1,610-6288A,V1.001,SEGA SEGASATURN,SEGA ENTERPRISES,19960514,(unknown),J,E
Sega Flash Vol. 2 v1.000 (1996)(Sega)(PAL)[!],SEGA FLASH SEGA SATURN VOL.2,610-6288B,V1.000,SEGA SEGASATURN,SEGA ENTERPRISES,19960719,(unknown),J,E
Sega Flash Vol. 3 v1.001 (1997)(Sega)(PAL)[!][610-6288CP-01204],FLASH SEGASATURNPAL VOL.3,610-6288C,V1.001,SEGA SEGASATURN,SEGA ENTERPRISES,19961106,CD-1/1,J,E
Sega Flash Vol. 4 v1.003 (1997)(Sega)(PAL)[!],FLASH SEGASATURNPAL VOL.4,610-6288D,V1.003,SEGA SEGASATURN,SEGA ENTERPRISES,19970219,CD-1/1,J,E
Sega Flash Vol. 5 v1.002 (1997)(Sega)(PAL)[!],FLASH SEGASATURNPAL VOL.5,610-6288E,V1.002,SEGA SEGASATURN,SEGA ENTERPRISES,19970703,CD-1/1,J,E
Sega Flash Vol. 6 v1.000 (1998)(Sega)(PAL)[!],FLASH SEGASATURNPAL VOL.6,6106288F,V1.000,SEGA SEGASATURN,SEGA ENTERPRISES,19971106,CD-1/1,J,E
Sega Flash Vol. 7 v1.000 (1998)(Sega)(PAL)[!],FLASH SEGASATURNPAL VOL.7,6106288G,V1.000,SEGA SEGASATURN,SEGA ENTERPRISES,19980320,CD-1/1,J,E
Sega Rally Championship v1.000 (1995)(Sega)(PAL)[!][MK-81207P-00626],SEGA RALLY CHAMPIONSHIP,MK-81207,V1.000,SEGA SEGASATURN,SEGA ENTERPRISES,19951218,CD-1/1,JAS,E
Sega Rally Championship v1.000 (1995)(Sega)(PAL)[!][MK81207P626 P3H],SEGA RALLY CHAMPIONSHIP,MK-81207,V1.000,SEGA SEGASATURN,SEGA ENTERPRISES,19951218,CD-1/1,JAS,E
Sega Rally Championship v1.000 (1995)(Sega)(PAL)[!][MK81207P626 P4H],SEGA RALLY CHAMPIONSHIP,MK-81207,V1.000,SEGA SEGASATURN,SEGA ENTERPRISES,19951218,CD-1/1,JAS,E
Sega Rally Championship v1.006 (1995)(Sega)(US)[!],SEGA RALLY CHAMPIONSHIP,MK-81207,V1.006,SEGA SEGASATURN,SEGA ENTERPRISES,19951031,CD-1/1,JAS,UT
Sega Touring Car Championship v1.001 (1997)(Sega)(US)[!],SEGA TOURING CARCHAMPIONSHIP,MK-81216,V1.001,SEGA SEGASATURN,SEGA ENTERPRISES,19971022,CD-1/1,DEJS,U
Sega Touring Car Championship v1.003 (1997)(Sega)(PAL)[!],SEGA TOURING CARCHAMPIONSHIP,MK-81216,V1.003,SEGA SEGASATURN,SEGA ENTERPRISES,19971006,CD-1/1,EJS,E
"Sega Worldwide Soccer 97 v1.000 (1996)(Sega)(PAL)[!][MK-81112P-01035 A, B]",WWS 97,MK-81112,V1.000,SEGA SEGASATURN,SEGA ENTERPRISES,19960827,CD-1/1,JT,E
Sega Worldwide Soccer '98 - Club Edition v1.002 (1997)(Sega)(PAL)(M3)[!],WWS 98,MK-81123,V1.002,SEGA SEGASATURN,SEGA ENTERPRISES,19970922,CD-1/1,JT,E
Sega Worldwide Soccer '98 v1.002 (1998)(Sega)(JP)(en)[!],SEGA WORLD WIDE SOCCER 98,GS-9187,V1.002,SEGA SEGASATURN,SEGA ENTERPRISES,19980129,CD-1/1,JTEXD,J
"Sentimental Graffiti v1.000 (1997)(NEC InterChannel)(JP)(Disc 2 of 2)[!][T-20106GP-02076 5MB3, 5MM1]",SENTIMENTAL     GRAFFITI,T-20106G,V1.000,SEGA SEGASATURN,SEGA TP T-201,19971203,CD-2/2,JP,J
Sentimental Graffiti v1.000 (1997)(NEC InterChannel)(JP)(Disc 2 of 2)[!][T-20106GP-02076 6MB1],SENTIMENTAL     GRAFFITI,T-20106G,V1.000,SEGA SEGASATURN,SEGA TP T-201,19971203,CD-2/2,JP,J
Sentimental Graffiti v1.003 (1997)(NEC InterChannel)(JP)(Disc 1 of 2)[!][T-20106GP-02075 1M3],SENTIMENTAL     GRAFFITI,T-20106G,V1.003,SEGA SEGASATURN,SEGA TP T-201,19971210,CD-1/2,J,J
Shellshock v1.000 (1996)(Core)(PAL)(DE)[!],SHELLSHOCK,T-11502H18,V1.000,SEGA SEGASATURN,SEGA TP T-115,19960326,CD-1/1,J,E
Shellshock v1.000 (1996)(Core)(PAL)[!],SHELLSHOCK,T-11502H50,V1.000,SEGA SEGASATURN,SEGA TP T-115,19960325,CD-1/1,J,E
Shin Megami Tensei - Devil Summoner v1.000 (1995)(Atlus)(JP)[!],DDS FOR SATURN   DEVIL SUMMONER,T-14403G,V1.000,SEGA SEGASATURN,SEGA TP T-144,19951130,CD-1/1,J,J
Shining Wisdom v1.000 (1995)(Sega)(JP)[!][GS-9057P-00416A-P1K],SHINING WISDOM,GS-9057,V1.000,SEGA SEGASATURN,SEGA ENTERPRISES,19950719,CD-1/1,J,JT
Shining Wisdom v1.000 (1995)(Sega)(JP)[!][GS-9057P-00416A-P2K],SHINING WISDOM,GS-9057,V1.000,SEGA SEGASATURN,SEGA ENTERPRISES,19950719,CD-1/1,J,JT
Shining Wisdom v1.000 (1995)(Sega)(JP)[!][GS-9057P-00416-P3K],SHINING WISDOM,GS-9057,V1.000,SEGA SEGASATURN,SEGA ENTERPRISES,19950719,CD-1/1,J,JT
Shinseiki Evangelion - Digital Card Library v1.003 (1997)(Sega)(JP)[!],NEON GENESIS    EVANGELION      DIGITAL CARD    LIBRARY,GS-9159,V1.003,SEGA SEGASATURN,SEGA ENTERPRISES,19970812,CD-1/1,J,JT
Shinseiki Evangelion v1.005 (1997)(Sega)(JP)[!],EVANGELION,GS-9051,V1.005,SEGA SEGASATURN,SEGA ENTERPRISES,19960130,CD-1/1,J,J
"Shinsetsu Yumemi Yakata - Tobira no Oku ni Dareka ga... v1.000 (1994)(Sega)(JP)[!][GS-9005P-00268A 2A2, 2A5, 2A7, 2B2]",SHINSETSU YUMEMIYAKATA,GS-9005,V1.000,SEGA SEGASATURN,SEGA ENTERPRISES,19941111,CD-1/1,J,JT
Shockwave Assault v1.000 (1996)(Electronic Arts)(PAL)[!],SHOCKWAVE       ASSAULT,T-5005H,V1.000,SEGA SEGASATURN,SEGA TP T-50,19960628,CD-1/1,JA,E
Shouryuu Sangoku Engi v1.002 (1996)(Imagineer)(JP)[!],SYOURYUU SANGOKU ENGI,T-15009G,V1.002,SEGA SEGASATURN,SEGA TP T-150,19960611,CD-1/1,JM,J
Shunsai v1.003 (1996)(Naxat)(JP)[!],SHUNSAI,T-18703G,V1.003,SEGA SEGASATURN,SEGA TP T-187,19960710,CD-1/1,J,J
SimCity 2000 v1.000 (1995)(Sega)(PAL)(M4)[!],SimCity2000,MK-81580,V1.000,SEGA SEGASATURN,SEGA ENTERPRISES,19951204,CD-1/1,J,E
SimCity 2000 v1.041 (1995)(Sega)(JP)[!],SimCity2000                                     SimCity2000,GS-9027,V1.041,SEGA SEGASATURN,SEGA ENTERPRISES,19950818,CD-1/1,J,J
SimCity 2000 v1.401 (1995)(Maxis)(US)[!],SimCity2000                                     SimCity2000,T-12601H,V1.401,SEGA SEGASATURN,SEGA TP T-126,19950901,CD-1/1,J,U
Sky Target v1.000 (1997)(Sega)(PAL)[!],SKY TARGET,MK-81051,V1.000,SEGA SEGASATURN,SEGA ENTERPRISES,19970414,CD-1/1,JAE,E
Slam 'N Jam '96 featuring Magic & Kareem v1.000 (1996)(Crystal Dynamics)(PAL)[!],SLAM'N JAM 96,T-15902H50,V1.000,SEGA SEGASATURN,SEGA TP T-159,19960423,CD-1/1,JT,E
Slayers Royal v1.006 (1997)(ESP - Kadokawa Shoten)(JP)[!],SLAYERSROYAL,T-27903G,V1.006,SEGA SEGASATURN,SEGA TP T-279,19970630,CD-1/1,J,J
Solar Eclipse v1.000 (1995)(Crystal Dynamics)(US)[!],SOLAR ECLIPSE,T-15911H,V1.000,SEGA SEGASATURN,SEGA TP T-159,19951025,CD-1/1,JT,U
Sonic 3D - Flickies' Island v1.000 (1997)(Sega)(PAL)[!],Sonic 3D        Flickies Island,MK-8106250,V1.000,SEGA SEGASATURN,SEGA ENTERPRISES,19970106,CD-1/1,JATE,E
Sonic 3D Blast v1.000 (1996)(Sega)(US)[!],Sonic 3D Blast,MK-81062,V1.000,SEGA SEGASATURN,SEGA ENTERPRISES,19961108,CD-1/1,JAE,U
Sonic Jam v1.000 (1997)(Sega)(PAL)[!],SONIC JAM,MK-81079,V1.000,SEGA SEGASATURN,SEGA ENTERPRISES,19970718,CD-1/1,EJ,E
Sonic R v1.000 (1997)(Sega)(PAL)[!],SONIC R,MK-81800,V1.000,SEGA SEGASATURN,SEGA ENTERPRISES,19971017,CD-1/1,JE,E
Sonic R v1.000 (1997)(Sega)(US)[!],SONIC R,MK-81800,V1.000,SEGA SEGASATURN,SEGA ENTERPRISES,19971027,CD-1/1,JE,U
Sonic R v1.002 (1997)(Sega)(JP)(en)[!][GS-9170P-02010 2M1],SONIC R,GS-9170,V1.002,SEGA SEGASATURN,SEGA ENTERPRISES,19971105,CD-1/1,JE,JT
Sotsugyou II - Neo Generation v1.000 (1995)(Riverhill Soft)(JP)[!],SOTSUGYOU2,T-5301G,V1.000,SEGA SEGASATURN,SEGA TP T-53,19950710,CD-1/1,J,J
Soviet Strike v1.000 (1997)(Electronic Arts)(PAL)[!],SOVIET STRIKE,T-5013H,V1.000,SEGA SEGASATURN,SEGA TP T-50,19970109,CD-1/1,JEA,E
Soviet Strike v1.000 (1997)(Electronic Arts)(US)[!],SOVIET STRIKE,T-5013H,V1.000,SEGA SEGASATURN,SEGA TP T-50,19970109,CD-1/1,JEA,U
Space Harrier v1.002 (1996)(Sega)(JP)(en)[!][Sega Ages][GS-9108P-00902 3MM1],SPACE HARRIER,GS-9108,V1.002,SEGA SEGASATURN,SEGA ENTERPRISES,19960607,CD-1/1,JAE,JT
Space Hulk - Vengeance of the Blood Angels v1.000 (1996)(Electronic Arts)(PAL)[!],SPACE HULK,T-5007H,V1.000,SEGA SEGASATURN,SEGA TP T-50,19960710,CD-1/1,JT,E
Space Invaders v1.001 (1996)(Taito)(JP)[!],SPACE INVADERS,T-1107G,V1.001,SEGA SEGASATURN,SEGA TP T-11,19961024,CD-1/1,J,JT
Space Jam v1.000 (1996)(Acclaim)(US)[!],SPACE JAM,T-8125H,V1.000,SEGA SEGASATURN,SEGA TP T-81,19961027,CD-1/1,JT,U
StarFighter 3000 v1.000 (1996)(Telstar)(PAL)(M5)[!],STARFIGHTER 3000,T-29701H,V1.000,SEGA SEGASATURN,SEGA TP T-297,19960901,CD-1/1,JAT,E
Steep Slope Sliders v1.000 (1997)(Sega)(PAL)[!],STEEP SLOPE SLIDERS,MK-81128,V1.000,SEGA SEGASATURN,SEGA ENTERPRISES,19971111,CD-1/1,J,E
"Story of Thor 2, The v1.000 (1996)(Sega)(PAL)[!]",THE STORY OF      THOR 2,MK-81302,V1.000,SEGA SEGASATURN,SEGA ENTERPRISES,19960618,CD-1/1,J,E
Strahl - Himerareshi Nanatsu no Hikari v1.004 (1995)(Media Entertainment)(JP)[!],STRAHL,T-20501G,V1.004,SEGA SEGASATURN,SEGA TP T-205,19951021,CD-1/1,J,JT
Street Fighter Alpha - Warrior's Dreams v1.000 (1995)(Capcom)(US)[!],STREET FIGHTER  ALPHA           WARRIORS' DREAMS,T-1206H,V1.000,SEGA SEGASATURN,SEGA TP T-12,19951222,CD-1/1,JA,U
Street Fighter Alpha - Warriors' Dreams v1.001 (1996)(Virgin)(PAL)[!],STREET FIGHTER  ALPHA           WARRIORS' DREAMS,T-7008H-50,V1.001,SEGA SEGASATURN,SEGA TP T-70,19960321,CD-1/1,JA,E
Street Fighter Collection v1.001 (1997)(Capcom)(JP)(Disc 1 of 2)[!],STREET FIGHTER COLLECTION,T-1223G,V1.001,SEGA SEGASATURN,SEGA TP T-12,19970807,CD-1/2,J,J
Street Fighter Collection v1.001 (1997)(Capcom)(JP)(Disc 2 of 2)[!],STREET FIGHTER COLLECTION,T-1223G,V1.001,SEGA SEGASATURN,SEGA TP T-12,19970805,CD-2/2,J,J
Street Fighter Zero 2 v1.001 (1996)(Capcom)(JP)[!],STREET FIGHTER  ZERO 2 (SEGA SA TURN),T-1212G,V1.001,SEGA SEGASATURN,SEGA TP T-12,19960818,CD-1/1,J,JT
"Street Fighter Zero v1.002 (1996)(Capcom)(JP)[!][T-1206GP-00633 1M1, 1MB3]",STREET FIGHTER  ZERO,T-1206G,V1.002,SEGA SEGASATURN,SEGA TP T-12,19951213,CD-1/1,J,J
"Street Fighter Zero v1.002 (1996)(Capcom)(JP)[!][T-1206GP-00633 2M1, 2M2, 2M3]",STREET FIGHTER  ZERO,T-1206G,V1.002,SEGA SEGASATURN,SEGA TP T-12,19951213,CD-1/1,J,J
Street Racer v1.000 (1996)(Ubi Soft)(PAL)[!],STREET RACER,T-17702H,V1.000,SEGA SEGASATURN,SEGA TP T-177,19961021,CD-1/1,JT,E
Striker '96 v1.001 (1996)(Acclaim)(PAL)(M5)[!],STRIKER 96,T-8133H-50,V1.001,SEGA SEGASATURN,SEGA TP T-81,19960523,CD-1/1,JT,E
Strikers 1945 v1.01J (1996)(Atlus)(JP)[!],STRIKERS 1945   ｽﾄﾗｲｶｰｽﾞ 1945,T-14407G,V1.01J,SEGA SEGASATURN,SEGA TP T-144,19960507,CD-1/1,J,J
"Super Robot Taisen F - Kanketsu-hen v1.003 (1998)(Banpresto)(JP)[!][T-20612GP-02239 1MC2, 5M1, 5M2]",THE_SUPER_ROBOT_WARS_F_FINAL,T-20612G,V1.003,SEGA SEGASATURN,SEGA TP T-206,19980313,CD-1/1,J,J
"Super Robot Taisen F - Kanketsu-hen v1.003 (1998)(Banpresto)(JP)[!][T-20612GP-02239 3M1, 3M2, 3MB4]",THE_SUPER_ROBOT_WARS_F_FINAL,T-20612G,V1.003,SEGA SEGASATURN,SEGA TP T-206,19980313,CD-1/1,J,J
Super Robot Taisen F v1.003 (1997)(Banpresto)(JP)[!],SUPER ROBOT WARS F,T-20610G,V1.003,SEGA SEGASATURN,SEGA TP T-206,19970901,CD-1/1,J,J
Sword & Sorcery v1.220 (1996)(Micro Cabin)(JP)[!],SWORD&SORCERY,T-5202G,V1.220,SEGA SEGASATURN,SEGA TP T-52,19960416,CD-1/1,J,J
Tempest 2000 v1.000 (1996)(Interplay)(US)[!],TEMPEST 2000,T-12516H,V1.000,SEGA SEGASATURN,SEGA TP T-125,19961111,CD-1/1,J,U
Tempest 2000 v1.300 (1997)(Interplay)(PAL)[!],TEMPEST 2000,T12516H-50,V1.300,SEGA SEGASATURN,SEGA TP T-125,19970303,CD-1/1,J,E
Tenchi Muyou! Ryououki Gokuraku CD-ROM for Sega Saturn v1.010 (1995)(Yumedia)(JP)[!],TENCHI MUYO!            RYOOHKI GOKURAKU CD-ROM       for SATURN                                    Cassini lib.,T-21801G00,V1.010,SEGA SEGASATURN,SEGA TP T-218,19950818,CD-1/1,J,J
Tengai Makyou - Daiyon no Mokushiroku - The Apocalypse IV v1.011 (1997)(Hudson)(JP)(Disc 1 of 2)[!],SS-TENGAI4,T-14301G,V1.011,SEGA SEGASATURN,SEGA TP T-143,19961208,CD-1/2,J,J
Tengai Makyou - Daiyon no Mokushiroku - The Apocalypse IV v1.011 (1997)(Hudson)(JP)(Disc 2 of 2)[!],SS-TENGAI4,T-14301G,V1.011,SEGA SEGASATURN,SEGA TP T-143,19961208,CD-2/2,J,J
Terra Phantastica v1.001 (1996)(Sega)(JP)[!],TERRA PHANTASTICA,GS-9054,V1.001,SEGA SEGASATURN,SEGA ENTERPRISES,19961227,CD-1/1,J,JT
Terry Pratchett's Discworld v5.230 (1996)(Psygnosis)(PAL)(M5)[!],DISCWORLD,T-11302H,V5.230,SEGA SEGASATURN,SEGA TP T-113,19960718,CD-1/1,JM,E
Tetris Plus v1.000 (1997)(JVC)(PAL)[!],TETRIS_PLUS,T-5704H-50,V1.000,SEGA SEGASATURN,SEGA TP T-57,19960909,CD-1/1,J,E
Theme Park v1.000 (1995)(Electronic Arts)(JP)[!],THEME PARK,T-1060SG,V1.000,SEGA SEGASATURN,SEGA TP T-106,19952411,CD-1/1,J,J
Theme Park v1.000 (1995)(Electronic Arts)(PAL)(M5)[!][SATURNT5001H50 P1H],THEME PARK,T-5001H,V1.000,SEGA SEGASATURN,SEGA TP T-500,19950901,CD-1/1,J,E
Three Dirty Dwarves v1.003 (1996)(SegaSoft)(PAL)[!],Three Dirty Dwarves,MK-81033,V1.003,SEGA SEGASATURN,SEGA ENTERPRISES,11191996,CD-1/1,JT,E
Thunder Force V v1.002 (1997)(Tecno Soft)(JP)(en)[!],THUNDER FORCE V,T-1811G,V1.002,SEGA SEGASATURN,SEGA TP T-18,19970606,CD-1/1,J,J
Thunderhawk 2 - Firestorm v1.000 (1995)(Core)(PAL)(DE)[!][T11501HP591 P3H],E:FIRESTORM THUNDERHAWK 2  J:THUNDERHAWK 2 U:THUNDERSTRIKE 2,T-11501H00,V1.000,SEGA SEGASATURN,SEGA TP T-115,19951108,CD-1/1,J,E
Tilt! v1.000 (1996)(Virgin)(PAL)(M3)[!],TILT,T-7015H,V1.000,SEGA SEGASATURN,SEGA TP T-70,19960807,CD-1/1,JAT,E
Toh Shin Den S v1.000 (1995)(Sega)(JP)[!][AKA Toushinden S],Tohshinden-S,GS-9078 V1,0,SEGA SEGASATURN,SEGA ENTERPRISES,19951031,CD-1/1,JS,JT
Tokimeki Memorial - Taisen Pazurudama v1.010 (1996)(Konami)(JP)[!][T-9512GP-01011 1MB1],TOKIMEKI        MEMORIARU       TAISEN          PAZURUDAMA,T-9512G,V1.010,SEGA SEGASATURN,SEGA TP T-95,19960809,CD-1/1,J,JT
Tomb Raider v1.000 (1996)(Eidos)(PAL)[!],TOMB RAIDER,MK-81086,V1.000,SEGA SEGASATURN,SEGA ENTERPRISES,19960917,CD-1/1,J,E
Tomb Raider v1.000 (1996)(Eidos)(US)[!],TOMB RAIDER,T-7910H,V1.000,SEGA SEGASATURN,SEGA TP T-79,19961024,CD-1/1,J,U
Torico v1.002 (1997)(Sega)(PAL)(Disc 1 of 2)[!],GEKKA MUGENTAN TTORICO,MK-81053,V1.002,SEGA SEGASATURN,SEGA ENTERPRISES,19970211,CD-1/2,J,E
Torico v1.002 (1997)(Sega)(PAL)(Disc 2 of 2)[!],GEKKA MUGENTAN TTORICO,MK-81053,V1.002,SEGA SEGASATURN,SEGA ENTERPRISES,19970211,CD-2/2,J,E
True Pinball v1.000 (1996)(Ocean)(PAL)[!],TRUE PINBALL,T-16406H,V1.000,SEGA SEGASATURN,SEGA TP T-164,19951219,CD-1/1,J,E
Tunnel B1 v1.000 (1996)(Ocean)(PAL)(M5)[!],TUNNEL B1,T-16414H50,V1.000,SEGA SEGASATURN,SEGA TP T-164,19961107,CD-1/1,J,E
UEFA Euro 96 - England v6.200 (1996)(Sega)(PAL)(M6)[!],EURO 96,MK-81180,V6.200,SEGA SEGASATURN,SEGA ENTERPRISES,19960430,CD-1/1,JT,E
Ultimate Mortal Kombat 3 v1.006 (1996)(Williams)(US)[!],ULTIMATE MORTAL KOMBAT 3,T-9701H,V1.006,SEGA SEGASATURN,SEGA TP T-97,19960606,CD-1/1,J,U
Ultimate Mortal Kombat 3 v1.007 (1996)(GT Interactive)(PAL)[!],ULTIMATE MORTAL KOMBAT 3,T-25403H,V1.007,SEGA SEGASATURN,SEGA TP T-97,19960607,CD-1/1,J,E
V. R. Virtua Racing v1.000 (1995)(Time Warner Interactive)(JP)(en)[!],TIME WARNER INTERACTIVE'S V.R. VIRTUA RACING    TIME WARNER INTERACTIVE'S V.R. VIRTUA RACING,T-4803G,V1.000,SEGA SEGASATURN,SEGA TP T-48,19950913,CD-1/1,JS,JTUBKAEL
Valora Valley Golf v1.000 (1995)(Vic Tokai - Virgin)(PAL)[!],Valora Valley Golf,T-2303H-50,V1.000,SEGA SEGASATURN,SEGA TP T-23,19951102,CD-1/1,J,E
"Vampire Hunter - Darkstalkers' Revenge v1.000 (1996)(Capcom)(JP)[!][T-1202GP-00715 1M1, 1M2, 1MB1]",VAMPIRE HUNTER,T-1202G,V1.000,SEGA SEGASATURN,SEGA TP T-12,19960128,CD-1/1,J,JT
Vampire Savior - The Lord of Vampire v1.000 (1998)(Capcom)(JP)[!][req. 4Mb RAM cart],VAMPIRE SAVIOR,T-1229G,V1.000,SEGA SEGASATURN,SEGA TP T-12,19980217,CD-1/1,JW,J
Victory Boxing v1.02E (1995)(JVC)(PAL)[!][T6005HP535 P1H],THE KING OF BOXING/VICTORY BOXING,T-6005H-50,1.02E,SEGA SEGASATURN,SEGA TP T-60,19951006,CD-1/1,J,E
Victory Boxing v1.0ED (demo) (1995)(JVC)(PAL)[!],THE KING OF BOXING/VICTORY BOXING,T-6005H-50,1.0ED,SEGA SEGASATURN,SEGA TP T-60,19951002,CD-1/1,J,E
Victory Goal - Worldwide Edition v1.000 (1996)(Sega)(JP)[!],VG WWE,GS-9112,V1.000,SEGA SEGASATURN,SEGA ENTERPRISES,19961014,CD-1/1,JT,JT
Victory Goal v1.000 (1995)(Sega)(JP)[!],VICTORY GOAL,GS-9002,V1.000,SEGA SEGASATURN,SEGA ENTERPRISES,19941215,CD-1/1,JT,J
Virtua Cop 2 v1.000 (1996)(Sega)(PAL)[!],VIRTUA COP2,MK-81043,V1.000,SEGA SEGASATURN,SEGA ENTERPRISES,19961031,CD-1/1,JMGE,E
Virtua Cop 2 v1.001 (1996)(Sega)(JP)[!],VIRTUA COP2,GS-9097,V1.001,SEGA SEGASATURN,SEGA ENTERPRISES,19961028,CD-1/1,JMGE,JT
"Virtua Cop v1.000 (1995)(Sega)(JP)[!][GS-9060P-00412 1M1, 1M3, 1MB1, 5MB2, 5MC1]",VIRTUA COP,GS-9060,V1.000,SEGA SEGASATURN,SEGA ENTERPRISES,19951012,CD-1/1,JMG,J
"Virtua Cop v1.000 (1995)(Sega)(JP)[!][GS-9060P-00412 3M2, 3M5]",VIRTUA COP,GS-9060,V1.000,SEGA SEGASATURN,SEGA ENTERPRISES,19951012,CD-1/1,JMG,J
Virtua Cop v1.001 (1996)(Sega)(US)[!][12S],VIRTUA COP,MK-81015,V1.001,SEGA SEGASATURN,SEGA ENTERPRISES,19951017,CD-1/1,JMG,TU
Virtua Cop v1.004 (1995)(Sega)(PAL)[!][MK-81015-50 12-95 4SA2],VIRTUA COP,MK-81015,V1.004,SEGA SEGASATURN,SEGA ENTERPRISES,19951108,CD-1/1,JMG,E
Virtua Cop v1.004 (1995)(Sega)(PAL)[!][MK-81015-50 2S 11-95 2SA1],VIRTUA COP,MK-81015,V1.004,SEGA SEGASATURN,SEGA ENTERPRISES,19951108,CD-1/1,JMG,E
Virtua Cop v1.004 (1995)(Sega)(PAL)[!][MK-81015P-00569 A],VIRTUA COP,MK-81015,V1.004,SEGA SEGASATURN,SEGA ENTERPRISES,19951108,CD-1/1,JMG,E
"Virtua Fighter 2 v1.001 (1995)(Sega)(JP)(en)[!][GS-9079P-00579B 32B1, 32B2, 37A1, 37C4, 37MB1, 37MB4]",VIRTUA FIGHTER 2,GS-9079,V1.001,SEGA SEGASATURN,SEGA ENTERPRISES,19951117,CD-1/1,J,JT
"Virtua Fighter 2 v1.001 (1995)(Sega)(JP)(en)[!][GS-9079P-00579B 35B4, 35C1, 35C2]",VIRTUA FIGHTER 2,GS-9079,V1.001,SEGA SEGASATURN,SEGA ENTERPRISES,19951117,CD-1/1,J,JT
"Virtua Fighter 2 v1.001 (1995)(Sega)(JP)(en)[!][GS-9079P-00579B 36B1, 36C2]",VIRTUA FIGHTER 2,GS-9079,V1.001,SEGA SEGASATURN,SEGA ENTERPRISES,19951117,CD-1/1,J,JT
Virtua Fighter 2 v1.001 (1995)(Sega)(JP)(en)[!][GS-9079P-00579B-P1K],VIRTUA FIGHTER 2,GS-9079,V1.001,SEGA SEGASATURN,SEGA ENTERPRISES,19951117,CD-1/1,J,JT
Virtua Fighter 2 v1.001 (1995)(Sega)(JP)(en)[!][GS-9079P-00579B-P2K],VIRTUA FIGHTER 2,GS-9079,V1.001,SEGA SEGASATURN,SEGA ENTERPRISES,19951117,CD-1/1,J,JT
Virtua Fighter 2 v1.001 (1996)(Sega)(PAL)[!][MK-81014P-00623A],VIRTUA FIGHTER 2,MK-81014,V1.001,SEGA SEGASATURN,SEGA ENTERPRISES,19960109,CD-1/1,J,E
Virtua Fighter 2 v1.001 (1996)(Sega)(PAL)[!][MK81014P623 P3H],VIRTUA FIGHTER 2,MK-81014,V1.000,SEGA SEGASATURN,SEGA ENTERPRISES,19951206,CD-1/1,J,E
Virtua Fighter 2 v1.005 (1995)(Sega)(US)[!][1008681014],VIRTUA FIGHTER 2,MK-81014,V1.005,SEGA SEGASATURN,SEGA ENTERPRISES,19951113,CD-1/1,J,U
Virtua Fighter 2 v1.005 (1995)(Sega)(US)[!][SATURN81014 P1H],VIRTUA FIGHTER 2,MK-81014,V1.005,SEGA SEGASATURN,SEGA ENTERPRISES,19951113,CD-1/1,J,U
Virtua Fighter 2 v1.005 (1995)(Sega)(US)[!][SATURN81014RE P1H],VIRTUA FIGHTER 2,MK-81014,V1.005,SEGA SEGASATURN,SEGA ENTERPRISES,19951113,CD-1/1,J,U
Virtua Fighter CG Portrait Collection v1.000 (1995)(Sega)(PAL)[!][inc. with Virtua Fighter Remix],VF CG COLLECTION,610-6083,V1.000,SEGA SEGASATURN,SEGA ENTERPRISES,19950803,CD-1/1,J,E
Virtua Fighter CG Portrait Series Vol.1 - Sarah Bryant v1.000 (1995)(Sega)(JP)[!][GS-9062P-00486 1MM1],VFCG SARAH,GS-9062,V1.000,SEGA SEGASATURN,SEGA ENTERPRISES,19951013,CD-1/1,J,JT
Virtua Fighter CG Portrait Series Vol.1 - Sarah Bryant v1.000 (1995)(Sega)(JP)[!][GS-9062P-00486 3M2],VFCG SARAH,GS-9062,V1.000,SEGA SEGASATURN,SEGA ENTERPRISES,19951013,CD-1/1,J,JT
Virtua Fighter CG Portrait Series Vol.10 - Jeffry McWild v1.000 (1996)(Sega)(JP)[!],VFCG JEFFRY,GS-9072,V1.000,SEGA SEGASATURN,SEGA ENTERPRISES,19960122,CD-1/1,J,JT
Virtua Fighter CG Portrait Series Vol.2 - Jacky Bryant v1.000 (1995)(Sega)(JP)[!][GS-9064P-00487A-P1K],VFCG JACKY,GS-9064,V1.000,SEGA SEGASATURN,SEGA ENTERPRISES,19951025,CD-1/1,J,JT
Virtua Fighter CG Portrait Series Vol.3 - Akira Yuki v1.000 (1995)(Sega)(JP)[!],VFCG AKIRA,GS-9065,V1.000,SEGA SEGASATURN,SEGA ENTERPRISES,19951117,CD-1/1,J,JT
Virtua Fighter CG Portrait Series Vol.5 - Wolf Hawkfield v1.000 (1995)(Sega)(JP)[!],VFCG WOLF,GS-9068,V1.000,SEGA SEGASATURN,SEGA ENTERPRISES,19951113,CD-1/1,J,JT
Virtua Fighter CG Portrait Series Vol.6 - Lau Chan v1.000 (1995)(Sega)(JP)[!],VFCG LAU,GS-9069,V1.000,SEGA SEGASATURN,SEGA ENTERPRISES,19951113,CD-1/1,J,JT
Virtua Fighter CG Portrait Series Vol.7 - Shun Di v1.000 (1995)(Sega)(JP)[!],VFCG SHUN,GS-9070,V1.000,SEGA SEGASATURN,SEGA ENTERPRISES,19951218,CD-1/1,J,JT
Virtua Fighter CG Portrait Series Vol.8 - Lion Rafale v1.000 (1996)(Sega)(JP)[!],VFCG LION,GS-9071,V1.000,SEGA SEGASATURN,SEGA ENTERPRISES,19951218,CD-1/1,J,JT
Virtua Fighter Kids v0.001 (1996)(Sega)(PAL)[!],VF. KIDS,GS-9079,V0.001,SEGA SEGASATURN,SEGA ENTERPRISES,19960501,CD-1/1,J,E
"Virtua Fighter Remix v0.001 (1995)(Sega)(JP)(en)[!][GS-9039P-00348 2M5, 2M6, 2MB3, 3MB3, 5M1, 5M2, 5MM1 C 55]",VIRTUA FIGHTER REMIX,GS-9039,V0.001,SEGA SEGASATURN,SEGA ENTERPRISES,19950518,CD-1/1,J,JT
Virtua Fighter Remix v0.001 (1995)(Sega)(JP)(en)[!][GS-9039P-00348 4M3 C 55],VIRTUA FIGHTER REMIX,GS-9039,V0.001,SEGA SEGASATURN,SEGA ENTERPRISES,19950518,CD-1/1,J,JT
Virtua Fighter Remix v0.001 (1995)(Sega)(PAL)[!],VIRTUA FIGHTER REMIX,MK-8102350,V0.001,SEGA SEGASATURN,SEGA ENTERPRISES,19950804,CD-1/1,J,E
Virtua Fighter Remix v0.003 (1995)(Sega)(US)[!],VIRTUA FIGHTER REMIX,MK-81023,V0.003,SEGA SEGASATURN,SEGA ENTERPRISES,19950802,CD-1/1,J,U
Virtua Fighter v1.000 (1994)(Sega)(JP)(en)[!],VIRTUA FIGHTER,GS-9001,V1.000,SEGA SEGASATURN,SEGA ENTERPRISES,19941005,CD-1/1,J,JT
Virtua Fighter v1.000 (1995)(Sega)(PAL)[!][MK-81005P-00337 P2H],VIRTUA FIGHTER,MK_8100550,V1.000,SEGA SEGASATURN,SEGA ENTERPRISES,19950425,CD-1/1,J,E
Virtua Fighter v1.000 (1995)(Sega)(PAL)[!][MK-81005P-00337 P3H],VIRTUA FIGHTER,MK_8100550,V1.000,SEGA SEGASATURN,SEGA ENTERPRISES,19950425,CD-1/1,J,E
Virtual Hydlide v1.000 (1995)(Sega)(JP)[!],VIRTUAL HYDLIDE,GS-9012,V1.000,SEGA SEGASATURN,SEGA ENTERPRISES,19950324,CD-1/1,J,JT
Virtual Hydlide v1.000 (1995)(Sega)(PAL)[!][MK-81380P-402 8-95 1SA3],VIRTUAL HYDLIDE,MK-81380,V1.000,SEGA SEGASATURN,SEGA ENTERPRISES,19950630,CD-1/1,J,E
Virtual Hydlide v1.000 (1995)(Sega)(PAL)[!][MK-81380P-402 8-95 2SA5],VIRTUAL HYDLIDE,MK-81380,V1.000,SEGA SEGASATURN,SEGA ENTERPRISES,19950630,CD-1/1,J,E
Virtual Kyoutei 2 v1.001 (1997)(Nichibutsu)(JP)[!],VIRTUAL KYOUTEI2,T-7104G,V1.001,SEGA SEGASATURN,SEGA TP T-71,19971007,CD-1/1,JE,J
Virtual Volleyball v1.006 (1995)(Imagineer)(JP)[!],VIRTUAL VOLLEY BALL,T-15005G,V1.006,SEGA SEGASATURN,SEGA TP T-150,19950610,CD-1/1,J,J
Virtual-On - Cyber Troopers v1.002 (1996)(Sega)(PAL)[!],VIRTUAL-ON,MK-81042,V1.002,SEGA SEGASATURN,SEGA ENTERPRISES,19961101,CD-1/1,J,E
WanChai Connection v1.000 (1994)(Sega)(JP)(Disc 1 of 2)[!],WANCHAI CONNECTION VOL.1,GS-9007,V1.000,SEGA SEGASATURN,SEGA ENTERPRISES,19941030,CART16M,J,JT
WanChai Connection v1.000 (1994)(Sega)(JP)(Disc 2 of 2)[!],WANCHAI CONNECTION VOL.2,GS-9007,V1.000,SEGA SEGASATURN,SEGA ENTERPRISES,19941029,CART16M,J,JT
Wangan Dead Heat + Real Arrange v1.000 (1996)(Pack-In-Video)(JP)(Disc 1 of 2)[!],WANGAN DEADHEAT PLUS REAL ARRANGE,T-9103G,V1.000,SEGA SEGASATURN,SEGA TP T-91,19960701,CD-1/2,JS,J
Wangan Dead Heat + Real Arrange v1.001 (1996)(Pack-In-Video)(JP)(Disc 2 of 2)[!][Addition],WANGAN DEADHEAT PLUS REAL ARRANGE,T-9103G,V1.001,SEGA SEGASATURN,SEGA TP T-91,19960716,CD-2/2,JS,J
Wangan Dead Heat v1.002 (1995)(Pack-In-Video)(JP)[!],WANGAN DEADHEAT,T-9102G,V1.002,SEGA SEGASATURN,SEGA TP T-91,19951108,CD-1/1,JS,JT
WarCraft II - The Dark Saga v1.000 (1997)(Electronic Arts)(PAL)(M5)[!],WARCRAFT II,T-5023H-50,V1.000,SEGA SEGASATURN,SEGA TP T-50,19970722,CD-1/1,J,E
Wing Arms v1.001 (1996)(Sega)(PAL)[!],WING ARMS,MK-81024,V1.001,SEGA SEGASATURN,SEGA ENTERPRISES,19960113,CD-1/1,JA,E
Winning Post EX v1.000 (1995)(KOEI)(JP)[!],Winning Post EX,T-7606G,V1.000,SEGA SEGASATURN,SEGA TP T-76,19950705,CD-1/1,JM,J
Winter Heat v0.000 (demo) (1997)(Sega)(PAL)[!],WINTER HEAT PAL SAMPLER,MK-81125,V0.000,SEGA SEGASATURN,SEGA ENTERPRISES,19971201,CD-1/1,J,JTUE
Winter Heat v1.000 (1997)(Sega)(PAL)[!],WINTER HEAT,MK-81129,V1.000,SEGA SEGASATURN,SEGA ENTERPRISES,19971215,CD-1/1,AEJST,E
WipEout 2097 v0.900 (demo) (1997)(Psygnosis)(PAL)[!],WIPEOUT-2 DEMO,T-6106698,V0.900,SEGA SEGASATURN,SEGA TP T-113,19970704,CD-1/1,JSE,E
WipEout 2097 v1.01 (1997)(Psygnosis)(PAL)[!],WIPEOUT-2,T-11308H-5,0 V1.0,SEGA SEGASATURN,SEGA TP T-113,19970704,CD-1/1,JSE,E
WipEout v1.002 (1996)(Sega)(US)[!],WIPEOUT,T-18601H,V1.002,SEGA SEGASATURN,SEGA TP T-186,19960411,CD-1/1,JS,U
WipEout v3.700 (1995)(Psygnosis)(PAL)[!],WIPEOUT,T-11301H,V3.700,SEGA SEGASATURN,SEGA TP T-113,19960304,CD-1/1,JS,E
"World Advanced Daisenryaku - Koutetsu no Senpuu v1.000 (1995)(Sega)(JP)[!][GS-9025P-00456 1M6, 4MM1]",WORLD ADVANCED DAISENRYAKU,GS9025,V1.000,SEGA SEGASATURN,SEGA ENTERPRISES,19950824,CD-1/1,JM,JT
World Advanced Daisenryaku - Sakusen File v1.000 (1996)(Sega)(JP)[!],WORLD ADVANCED DAISENRYAKU SAKUSEN FILE,GS-9082,V1.000,SEGA SEGASATURN,SEGA ENTERPRISES,1996 2 2,CD-1/1,JM,JT
World Cup Golf - In Hyatt Dorado Beach v1.002 (1996)(Coconuts Japan)(JP)[!],WORLD CUP GOLF,T-7301G,V1.002,SEGA SEGASATURN,SEGA TP T-073,19960214,CD-1/1,J,J
World Cup Golf - Professional Edition v1.001 (1995)(U.S. Gold)(PAL)[!],WORLD CUP GOLF,T-7903H50,V1.001,SEGA SEGASATURN,SEGA TP T-079,19951027,CD-1/1,JAT,E
World Cup Golf - Professional Edition v1.001 (1996)(U.S. Gold)(PAL)(DE)[!],WORLD CUP GOLF,T-7903H18,V1.001,SEGA SEGASATURN,SEGA TP T-079,19960401,CD-1/1,J,E
World League Soccer '98 v1.003 (1998)(Sega)(PAL)(M5)[!],WLS98,MK-81181,V1.003,SEGA SEGASATURN,SEGA ENTERPRISES,19980430,CD-1/1,JA,E
World Series Baseball 98 v1.006 (1997)(Sega)(US)[!],WORLD SERIES    BASEBALL 98,MK-81127,V1.006,SEGA SEGASATURN,SEGA ENTERPRISES,19970612,CD-1/1,J,U
World Series Baseball II v1.003 (1996)(Sega)(PAL)[!],World Series    BASEBALL 2,MK-81113,V1.003,SEGA SEGASATURN,SEGA ENTERPRISES,19960911,CD-1/1,J,E
World Series Baseball v1.003 (1995)(Sega)(US)[!][SATURN81109 P1H],World Series     BASEBALL,MK-81109,V1.003,SEGA SEGASATURN,SEGA ENTERPRISES,19950825,CD-1/1,J,U
World Series Baseball v1.005 (1995)(Sega)(PAL)[!][MK-81109P-511],World Series     BASEBALL,MK-81109,V1.005,SEGA SEGASATURN,SEGA ENTERPRISES,19950901,CD-1/1,J,E
Worldwide Soccer - Sega International Victory Goal Edition v1.002 (1995)(Sega)(US)[!],SEGA            INTERNATIONAL   VICTORY GOAL,MK-81105,V1.002,SEGA SEGASATURN,SEGA ENTERPRISES,19950323,CD-1/1,J,UT
Worldwide Soccer '98 v1.001 (1997)(Sega)(US)(M3)[!],WWS 98,MK-81123,V1.001,SEGA SEGASATURN,SEGA ENTERPRISES,19971023,CD-1/1,JT,U
Worms v1.000 (1995)(Ocean - Team 17)(PAL)[!],WORMS,T-16403H,V1.000,SEGA SEGASATURN,SEGA TP T-164,19951107,CD-1/1,J,E
WWF In Your House v1.001 (1996)(Acclaim)(PAL)[!][1S T-8126H-50],WWF IN YOUR HOUSE,T-8126H-50,V1.001,SEGA SEGASATURN,SEGA TP T-81,19961102,CD-1/1,JT,E
X-Men - Children of the Atom v1.000 (1996)(Acclaim)(PAL)[!],XMEN-COTA,T-8108H-50,V1.000,SEGA SEGASATURN,SEGA TP T-81,19960318,CD-1/1,J,E
X-Men - Children of the Atom v1.000 (1996)(Acclaim)(US)[!],XMEN-COTA,T-8108H,V1.000,SEGA SEGASATURN,SEGA TP T-81,19960306,CD-1/1,J,U
"X-Men Vs. Street Fighter v1.002 (1997)(Capcom)(JP)[!][req. 4Mb RAM cart][T-1226GP-01890 1M6, 1MB5]",X-MEN VS STREET FIGHTER,T-1226G,V1.002,SEGA SEGASATURN,SEGA TP T-12,19970925,CD-1/1,JW,J
Yuukyuu Gensoukyoku - 2nd Album v1.001 (1998)(Media Works)(JP)[!],YUKYU           GENSOUKYOKU 2ND,T-27807G,V1.001,SEGA SEGASATURN,SEGA TP T-278,19980226,CD-1/1,J,J
Zen Nihon Pro Wres Featuring Virtua v1.000 (1997)(Sega)(JP)[!],ALL JAPAN PRO WRESTLING FEATURING VIRTUA,GS-9158,V1.000,SEGA SEGASATURN,SEGA ENTERPRISES,19970916,CD-1/1,J,JT
